operation,number,zh,en,ChatGPT_ZH,ChatGPT_ZH_Score,ChatGPT_EN,ChatGPT_EN_Score
identity,62035000,六千二百零三万五千,Sixty-two Million Thirty-five Thousand,六千二百零三万五千。,1,Sixty-two million thirty-five thousand.,1
identity,60030200,六千零三万零二百,Sixty Million Thirty Thousand Two Hundred,六亿零三十二万二百。,0,Sixty million thirty thousand two hundred.,1
identity,60000205,六千万零二百零五,Sixty Million Two Hundred Five,六千万二千零二十五。,0,Sixty million two hundred and five.,1
identity,62035200,六千二百零三万五千二百,Sixty-two Million Thirty-five Thousand Two Hundred,六千二百零三万五千二百。,1,"62,035,200 can be written as ""sixty-two million, thirty-five thousand, two hundred.""",1
identity,60030005,六千零三万零五,Sixty Million Thirty Thousand Five,六千零三十万零五。,0,Sixty million thirty thousand five.,1
identity,60030205,六千零三万零二百零五,Sixty Million Thirty Thousand Two Hundred Five,六千零三十万二千零五。,0,Sixty million thirty thousand two hundred five.,1
identity,4086000,四百零八万六千,Four Million Eighty-six Thousand,四百零八万六千。,1,Four million eighty-six thousand.,1
identity,5094600,五百零九万四千六百,Five Million Ninety-four Thousand Six Hundred,五百零九万四千六百。,1,Five million ninety-four thousand six hundred.,1
identity,21600900,二千一百六十万零九百,Twenty-one Million Six Hundred Thousand Nine Hundred,‘21600900’读作二亿一千六百万九千。,0,Twenty-one million six hundred thousand nine hundred.,1
identity,119000000,一亿一千九百万,One Hundred Nineteen Million,119000000'读作一百一十九 million。,0,One hundred nineteen million.,1
identity,675432,六十七万五千四百三十二,Six Hundred Seventy-five Thousand Four Hundred Thirty-two,六十七万五千四百三十二。,1,Six hundred seventy-five thousand four hundred thirty-two.,1
identity,450594001,四亿五千零五十九万四千零一,Four Hundred Fifty Million Five Hundred Ninety-four Thousand One,四亿五千零五十九万四千零一。,1,Four hundred fifty million five hundred ninety-four thousand one.,1
identity,450703,四十五万零七百零三,Four Hundred Fifty Thousand Seven Hundred Three,四十五万零七百零三。,1,Four hundred fifty thousand seven hundred three.,1
identity,43206798,四百三十二万六千七百九十八,Forty-three Million Two Hundred Six Thousand Seven Hundred Ninety-eight,四千三百二十零六万七千九百九十八。,0,Forty-three million two hundred six thousand seven hundred ninety-eight.,1
identity,754375,七十五万四千三百七十五,Seven Hundred Fifty-four Thousand Three Hundred Seventy-five,七百五十四万三千七百五十。,0,Seven hundred fifty-four thousand three hundred seventy-five.,1
identity,254315000,二亿五千四百三十一万五千,Two Hundred Fifty-four Million Three Hundred Fifteen Thousand,两百五十四亿三千一百五十万。,0,Two hundred fifty-four million three hundred fifteen thousand.,1
identity,4036005,四百零三万六千零五,Four Million Thirty-six Thousand Five,四百零三万六千零五。,1,Four million thirty-six thousand and five.,1
identity,3605007,三百六十万五千零七,Three Million Six Hundred Five Thousand Seven,三百六十万五千零七。,1,Three million six hundred five thousand seven.,1
identity,2064000000,二十亿六千四百万,Two Billion Sixty-four Million,‘2064000000’读作“二十亿六千四百万”。,1,Two billion sixty-four million.,1
identity,700200000,七亿零二十万,Seven Hundred Million Two Hundred Thousand,七亿零二十万。,1,Seven hundred million two hundred thousand.,1
subtraction,62034999,六千二百零三万四千九百九十九,Sixty-two Million Thirty-four Thousand Nine Hundred Ninety-nine,六千二百零三万四千九百九十九。,1,Sixty-two million thirty-four thousand nine hundred ninety-nine.,1
subtraction,60030199,六千零三万零一百九十九,Sixty Million Thirty Thousand One Hundred Ninety-nine,六千零三十万一千九百九十九。,0,Sixty million thirty thousand one hundred ninety-nine.,1
subtraction,60000204,六千万零二百零四,Sixty Million Two Hundred Four,六千零二十万二百零四。,0,Sixty million two hundred four.,1
subtraction,62035199,六千二百零三万五千一百九十九,Sixty-two Million Thirty-five Thousand One Hundred Ninety-nine,六千二百零三万五千一百九十九。,1,Sixty-two million thirty-five thousand one hundred ninety-nine.,1
subtraction,60030004,六千零三万零四,Sixty Million Thirty Thousand Four,六千零三十万零四。,0,Sixty million thirty thousand four.,1
subtraction,60030204,六千零三万零二百零四,Sixty Million Thirty Thousand Two Hundred Four,六千零三十万二千零四。,0,Sixty million thirty thousand two hundred four.,1
subtraction,4085999,四百零八万五千九百九十九,Four Million Eighty-five Thousand Nine Hundred Ninety-nine,四百零八万五千九百九十九。,1,Four million eighty-five thousand nine hundred ninety-nine.,1
subtraction,5094599,五百零九万四千五百九十九,Five Million Ninety-four Thousand Five Hundred Ninety-nine,‘5094599’读作五百零九万四千五百九十九。,1,Five million ninety-four thousand five hundred ninety-nine.,1
subtraction,21600899,二千一百六十万零八百九十九,Twenty-one Million Six Hundred Thousand Eight Hundred Ninety-nine,两千一百六十万零八百九十九。,1,Twenty-one million six hundred thousand eight hundred ninety-nine.,1
subtraction,118999999,一亿一千八百九十九万九千九百九十九,One Hundred Eighteen Million Nine Hundred Ninety-nine Thousand Nine Hundred Ninety-nine,一百一十八亿九千九百九十九万九千九百九十九。,0,One hundred eighteen million nine hundred ninety-nine thousand nine hundred ninety-nine.,1
subtraction,675431,六十七万五千四百三十一,Six Hundred Seventy-five Thousand Four Hundred Thirty-one,六十七万五千四百三十一。,1,Six hundred seventy-five thousand four hundred thirty-one.,1
subtraction,450594000,四亿五千零五十九万四千,Four Hundred Fifty Million Five Hundred Ninety-four Thousand,四亿五千零九十四万。,0,Four hundred fifty million five hundred ninety-four thousand.,1
subtraction,450702,四十五万零七百零二,Four Hundred Fifty Thousand Seven Hundred Two,四十五万零七百零二。,1,Four hundred fifty thousand seven hundred two.,1
subtraction,43206797,四千三百二十万六千七百九十七,Forty-three Million Two Hundred Six Thousand Seven Hundred Ninety-seven,四千三百二十万六千七百九十七。,1,"43,206,797 can be written as ""forty-three million, two hundred six thousand, seven hundred ninety-seven.""",1
subtraction,754374,七十五万四千三百七十四,Seven Hundred Fifty-four Thousand Three Hundred Seventy-four,七百五十四万三千七百四十四。,0,Seven hundred fifty-four thousand three hundred seventy-four.,1
subtraction,254314999,二亿五千四百三十一万四千九百九十九,Two Hundred Fifty-four Million Three Hundred Fourteen Thousand Nine Hundred Ninety-nine,两百五十四亿三千一百四十九万九千九百九十九。,0,Two hundred fifty-four million three hundred fourteen thousand nine hundred ninety-nine.,1
subtraction,4036004,四百零三万六千零四,Four Million Thirty-six Thousand Four,四百零三万六千零四。,1,Four million thirty-six thousand and four.,1
subtraction,3605006,三百六十万五千零六,Three Million Six Hundred Five Thousand Six,三百六十万五千零六。,1,Three million six hundred five thousand six.,1
subtraction,2063999999,二十亿六千三百九十九万九千九百九十九,Two Billion Sixty-three Million Nine Hundred Ninety-nine Thousand Nine Hundred Ninety-nine,‘2063999999’读作“二十亿六千三百九十九万九千九百九十九”。,1,Two billion sixty-three million nine hundred ninety-nine thousand nine hundred ninety-nine.,1
subtraction,700199999,七亿零一十九万九千九百九十九,Seven Hundred Million One Hundred Ninety-nine Thousand Nine Hundred Ninety-nine,七十亿零一百九十九万九千九百九十九。,0,"Seven hundred billion, one hundred ninety-nine thousand, nine hundred ninety-nine.",0
addition,62035001,,,,,,
addition,60030201,,,,,,
addition,60000206,,,,,,
addition,62035201,,,,,,
addition,60030006,,,,,,
addition,60030206,,,,,,
addition,4086001,,,,,,
addition,5094601,,,,,,
addition,21600901,,,,,,
addition,119000001,,,,,,
addition,675433,,,,,,
addition,450594002,,,,,,
addition,450704,,,,,,
addition,43206799,,,,,,
addition,754376,,,,,,
addition,254315001,,,,,,
addition,4036006,,,,,,
addition,3605008,,,,,,
addition,2064000001,,,,,,
addition,700200001,,,,,,
shifting,620350000,,,,,,
shifting,600302000,,,,,,
shifting,600002050,,,,,,
shifting,620352000,,,,,,
shifting,600300050,,,,,,
shifting,600302050,,,,,,
shifting,40860000,,,,,,
shifting,50946000,,,,,,
shifting,216009000,,,,,,
shifting,1190000000,,,,,,
shifting,6754320,,,,,,
shifting,4505940010,,,,,,
shifting,4507030,,,,,,
shifting,432067980,,,,,,
shifting,7543750,,,,,,
shifting,2543150000,,,,,,
shifting,40360050,,,,,,
shifting,36050070,,,,,,
shifting,20640000000,,,,,,
shifting,7002000000,,,,,,
