book,chapter,id,problem,translation,answer,value,expression,algorithm_id,hint
九章算术,卷第一　方田〈以御田畴界域〉,〔一〕,今有田广十五步，从十六步。问：为田几何？,现有一块田，宽十五步，长十六步。问：这田有多大？,一亩。,1,x=15*16 / 240,1,
九章算术,卷第一　方田〈以御田畴界域〉,〔二〕,又有田广十二步，从十四步。问：为田几何？,又有一块田，它的宽是十二步，长是十四步。问：这田的面积是多少？,一百六十八步。,168,x=12*14,1,
九章算术,卷第一　方田〈以御田畴界域〉,〔三〕,今有田广一里，从一里。问：为田几何？,现在有一块田，宽一里，长一里。问：这田的面积是多少？,三顷七十五亩。,,x=1*1,2,
九章算术,卷第一　方田〈以御田畴界域〉,〔四〕,又有田广二里，从三里。问：为田几何？,还有一块土地，宽二里，长三里。问：这地的占地面积是多少？,二十二顷五十亩。,,x=2*3,2,
九章算术,卷第一　方田〈以御田畴界域〉,〔五〕,今有十八分之十二。问：约之得几何？,现在有分数十八分之十二。问：约分后得几何？,三分之二。,,x=12/18,3,
九章算术,卷第一　方田〈以御田畴界域〉,〔六〕,又有九十一分之四十九。问：约之得几何？,还有分数九十一分之四十九。问：约分后得到多少？,十三分之七。,,x=49/91,3,
九章算术,卷第一　方田〈以御田畴界域〉,〔七〕,今有三分之一，五分之二。问：合之得几何？,现在有两个数字，一个是三分之一，另一个是五分之二。问将它们相加得到多少？,十五分之十一。,,x=(1/3) + (2/5),4,
九章算术,卷第一　方田〈以御田畴界域〉,〔八〕,又有三分之二，七分之四，九分之五。问：合之得几何？,又有三分之二，七分之四，九分之五。请问它们的总和是多少？,一、六十三分之五十。,,,4,
九章算术,卷第一　方田〈以御田畴界域〉,〔九〕,又有二分之一，三分之二，四分之三，五分之四。问：合之得几何？,二分之一，三分之二，四分之三，五分之四。请问它们的总和是多少？,二、六十分之四十三。,,,4,
九章算术,卷第一　方田〈以御田畴界域〉,〔一〇〕,今有九分之八，减其五分之一。问：馀几何？,现在有九分之八，减去五分之一，问剩下多少？,四十五分之三十一。,,,5,
九章算术,卷第一　方田〈以御田畴界域〉,〔一一〕,又有四分之三，减其三分之一。问：馀几何？,又有四分之三，减去三分之一。问剩下多少？,十二分之五。,,,5,
九章算术,卷第一　方田〈以御田畴界域〉,〔一二〕,今有八分之五，二十五分之十六。问：孰多？多几何？,现有八分之五，二十五分之十六。问：哪个多？多多少？,二十五分之十六多，多二百分之三。,,,6,
九章算术,卷第一　方田〈以御田畴界域〉,〔一三〕,又有九分之八，七分之六。问：孰多？多几何？,又有九分之八，七分之六。请问哪个更多？多多少？,九分之八多，多六十三分之二。,,,6,
九章算术,卷第一　方田〈以御田畴界域〉,〔一四〕,又有二十一分之八，五十分之十七。问：孰多？多几何？,还有二十一分之八，五十分之十七。请问，哪个更多？多了多少？,二十一分之八多，多一千五十分之四十三。,,,6,
九章算术,卷第一　方田〈以御田畴界域〉,〔一五〕,今有三分之一，三分之二，四分之三。问：减多益少，各几何而平？,现在有三分之一、三分之二和四分之三。问：减少多的但增加少的，这些数如何变化才能使它们相等？,减四分之三者二，三分之二者一，并，以益三分之一，而各平于十二分之七。,,,7,
九章算术,卷第一　方田〈以御田畴界域〉,〔一六〕,又有二分之一，三分之二，四分之三。问：减多益少，各几何而平？,又有二分之一，三分之二，四分之三。问：减少多的但增加少的，这些数如何变化才能使它们相等？,减三分之二者一，四分之三者四，并以益二分之一，而各平于三十六分之二十三。,,,7,
九章算术,卷第一　方田〈以御田畴界域〉,〔一七〕,今有七人，分八钱三分钱之一。问：人得几何？,现在有七个人平分八又三分之一钱。问：每个人各得到多少钱？,人得一钱、二十一分钱之四。,,,8,
九章算术,卷第一　方田〈以御田畴界域〉,〔一八〕,又有三人，三分人之一，分六钱三分钱之一，四分钱之三。问：人得几何？,有三又三分之一个人，分六又三分之一和四分之三钱。问：这三个人分得的钱数各是多少？,人得二钱、八分钱之一。,,,8,
九章算术,卷第一　方田〈以御田畴界域〉,〔一九〕,今有田广七分步之四，从五分步之三。问：为田几何？,现在有一个田，它的宽是七分之四步，长是五分之三步。问：这个田的大小是多少？,三十五分步之十二。,,,9,
九章算术,卷第一　方田〈以御田畴界域〉,〔二〇〕,又有田广九分步之七，从十一分步之九。问：为田几何？,还有一块田，它的宽是九分之七步，长十一分之九步。问：这田的面积是多少？,十一分步之七。,,,9,
九章算术,卷第一　方田〈以御田畴界域〉,〔二一〕,又有田广五分步之四，从九分步之五，问：为田几何？,还有一块田，它的宽是五分之四步，长是九分之五步，问这田的面积是多少？,九分步之四。,,,9,
九章算术,卷第一　方田〈以御田畴界域〉,〔二二〕,今有田广三步、三分步之一，从五步、五分步之二。问：为田几何？,现有一块田，宽为三又三分之一步；长五又五分之二步。问：这块田有多大？,十八步。,,,10,
九章算术,卷第一　方田〈以御田畴界域〉,〔二三〕,又有田广七步、四分步之三，从十五步、九分步之五。问：为田几何？,这里有一块田，它的宽是七又四分之三步，长十五又九分之五步。问：这田的面积是多少？,一百二十步、九分步之五。,,,10,
九章算术,卷第一　方田〈以御田畴界域〉,〔二四〕,又有田广十八步、七分步之五，从二十三步、十一分步之六。问：为田几何？,一块田，宽度为十八又七分之五步，长度是二十三又十一分之六步。问：这块田的面积是多少？,一亩二百步、十一分步之七。,,,10,
九章算术,卷第一　方田〈以御田畴界域〉,〔二五〕,今有圭田广十二步，正从二十一步。问：为田几何？,现在有一块等腰三角形田，它的宽度是十二步，长度是二十一步。问：这田的面积是多少？,一百二十六步。,,,11,
九章算术,卷第一　方田〈以御田畴界域〉,〔二六〕,又有圭田广五步、二分步之一，从八步、三分步之二。问：为田几何？,现在有一块等腰三角形田，它的宽度是五又二分之一步，长度是八又三分之二步。问：这田的面积是多少？,二十三步、六分步之五。,,,11,
九章算术,卷第一　方田〈以御田畴界域〉,〔二七〕,今有邪田，一头广三十步，一头广四十二步，正从六十四步。问：为田几何？,现在有一个直角梯形田，其中一面宽三十步，另外一面宽四十二步，高六十四步。问这个田的面积是多少？,九亩一百四十四步。,,,12,
九章算术,卷第一　方田〈以御田畴界域〉,〔二八〕,又有邪田，正广六十五步，一畔从一百步，一畔从七十二步。问：为田几何？,还有一块直角梯形田，它的正面宽六十五步，一畔长一百步，另一畔长七十二步。问：这田的面积是多少？,二十三亩七十步。,,,12,
九章算术,卷第一　方田〈以御田畴界域〉,〔二九〕,今有箕田，舌广二十步，踵广五步，正从三十步。问：为田几何？,现在有一片梯形田，上底宽二十步，下底宽五步，整个田块的高为三十步。问：这片田的面积是多少？,一亩一百三十五步。,,,13,
九章算术,卷第一　方田〈以御田畴界域〉,〔三〇〕,又有箕田，舌广一百一十七步，踵广五十步，正从一百三十五步。问：为田几何？,还有一片梯形田，它的上底宽一百一十七步，下底宽五十步，高一百三十五步。问占地面积是多少？,四十六亩二百三十二步半。,,,13,
九章算术,卷第一　方田〈以御田畴界域〉,〔三一〕,今有圆田，周三十步，径十步。问：为田几何？,现在有一个圆形的农田，它的周长是三十步，直径是十步。请问这个农田的面积是多少？,七十五步。,,,14,〈此于徽术，当为田七十一步一百五十七分步之一百三。臣淳风等谨依密率，为田七十一步二十二分步之一十三。〉
九章算术,卷第一　方田〈以御田畴界域〉,〔三二〕,又有圆田，周一百八十一步，径六十步三分步之一。问：为田几何？,此外，还有一个圆形的农田，它的周长为一百八十步，直径为六十又三分之一步。请问这个农田有多大？,十一亩九十步十二分步之一。,,,14,〈此于徽术，当为田十亩二百八步三百一十四分步之一百一。臣淳风等谨依密率，为田十亩二百步八十八分步之八十七。〉
九章算术,卷第一　方田〈以御田畴界域〉,〔三三〕,今有宛田，下周三十步，径十六步。问：为田几何？,现在有一个半圆形田，它的下周长是三十步，直径是十六步。问：这个田的面积是多少？,一百二十步。,,,15,
九章算术,卷第一　方田〈以御田畴界域〉,〔三四〕,又有宛田，下周九十九步，径五十一步。问：为田几何？,半圆形田的下周长为九十九步，直径为五十一步。问：田的面积是多少？,五亩六十二步、四分步之一。,,,15,
九章算术,卷第一　方田〈以御田畴界域〉,〔三五〕,今有弧田，弦三十步，矢十五步。问：为田几何？,现在有一个弓形田，弦长为三十步，矢长为十五步，问这个田的大小是多少？,一亩九十七步半。,,,16,
九章算术,卷第一　方田〈以御田畴界域〉,〔三六〕,又有弧田，弦七十八步、二分步之一，矢十三步、九分步之七。问：为田几何？,还有弓形田，弦长为七十八又二分之一步；矢长为十三又九分之七步。问：这田多大？,二亩一百五十五步、八十一分步之五十六。,,,16,
九章算术,卷第一　方田〈以御田畴界域〉,〔三七〕,今有环田，中周九十二步，外周一百二十二步，径五步。问：为田几何？,现在有一个环形的农田，其中内圆周长为九十二步，外圆周长为一百二十二步，内外径之差为五步。问这个农田的面积是多少？,二亩五十五步。,,,17,
九章算术,卷第一　方田〈以御田畴界域〉,〔三八〕,又有环田，中周六十二步、四分步之三，外周一百一十三步、二分步之一，径十二步、三分步之二。问：为田几何？,又有一片环状的农田，内圆周长有六十二又四分之三步，外圆周长一百一十三又二分之一步。请问这片农田的面积是多少？,四亩一百五十六步、四分步之一。,,,17,
九章算术,卷第二　粟米,〔一〕,今有粟一斗，欲为粝米。问︰得几何？,现在有一斗栗，想将其制作粝米。请问能够收获多少？,为粝米六升。,,,18,以粟求粝米，三之，五而一。
九章算术,卷第二　粟米,〔二〕,今有粟二斗一升，欲为粺米。问︰得几何？,现在有二斗一升的粟，想要用来制作粺米。请问能够得到粺多少？,为粺米一斗一升、五十分升之十七。,,,18,以粟求粺米，二十七之，五十而一。
九章算术,卷第二　粟米,〔三〕,今有粟四斗五升，欲为凿米。问︰得几何？,现在有四斗五升的栗米，想要用来制作凿米。问总共能够得到多少？,为凿米二斗一升、五分升之三。,,,18,以粟求凿米，十二之，二十五而一。
九章算术,卷第二　粟米,〔四〕,今有粟七斗九升，欲为御米。问︰得几何？,现在有七斗九升的粟，想用作御米。问能够得到多少？,为御米三斗三升、五十分升之九。,,,18,以粟求御米，二十一之，五十而一。
九章算术,卷第二　粟米,〔五〕,今有粟一斗，欲为小䵂。问︰得几何？,现在有一斗栗，想要制作小䵂。问：能够有多少？,为小䵂二升、一十分升之七。,,,18,以粟求小䵂，二十七之，百而一。
九章算术,卷第二　粟米,〔六〕,今有粟九斗八升，欲为大䵂。问︰得几何？,现在有九斗八升的粟，想用它来制作大䵂。问能得到多少？,为大䵂一十斗五升、二十五分升之二十一。,,,18,以粟求大䵂，二十七之，二十五而一。
九章算术,卷第二　粟米,〔七〕,今有粟二斗三升，欲为粝饭。问︰得几何？,现有二斗三升的粟，想用来制作一顿粝饭。请问能制作出多少粝饭呢？,为粝饭三斗四升半。,,,18,以粟求粝饭，三之，二而一。
九章算术,卷第二　粟米,〔八〕,今有粟三斗六升，欲为粺饭。问︰得几何？,现在有三斗六升的粮食，想用来做粺饭。问能得到多少？,为粺饭三斗八升、二十五分升之二十二。,,,18,以粟求粺饭，二十七之，二十五而一。
九章算术,卷第二　粟米,〔九〕,今有粟八斗六升，欲为凿饭。问︰得几何？,现有八斗六升的粟，想用来做凿饭。请问能得到多少？,为凿饭八斗二升、二十五分升之一十四。,,,18,以粟求凿饭，二十四之，二十五而一。
九章算术,卷第二　粟米,〔一〇〕,今有粟九斗八升，欲为御饭。问︰得几何？,现在有九斗八升的粟，想制作御饭。问：能够得到多少？,为御饭八斗二升、二十五分升之八。,,,18,以粟求御饭，二十一之，二十五而一。
九章算术,卷第二　粟米,〔一一〕,今有粟三斗少半升，欲为菽。问︰得几何？,现在有栗三斗又少半升，想用来制作菽。请问能制作多少菽？,为菽二斗七升、一十分升之三。,,,18,
九章算术,卷第二　粟米,〔一二〕,今有粟四斗一升、太半升，欲为答。问︰得几何？,现在有四斗一又太半升的粮食栗，想要制作答。问，得到几何？,为答三斗七升半。,,,18,
九章算术,卷第二　粟米,〔一三〕,今有粟五斗、太半升，欲为麻。问︰得几何？,现在有五斗零太半升栗，想将其变成麻。请问能变成多少麻？,为麻四斗五升、五分升之三。,,,18,
九章算术,卷第二　粟米,〔一四〕,今有粟一十斗八升、五分升之二，欲为麦。问︰得几何？,现有十斗八又五分之二升的粟，想要制作为麦。问能收获多少麦？,为麦九斗七升、二十五分升之一十四。,,,18,以粟求菽、答、麻、麦，皆九之，十而一。
九章算术,卷第二　粟米,〔一五〕,今有粟七斗五升、七分升之四，欲为稻。问︰得几何？,现有七斗五又七分之四升的粟。想将它们用来制作稻。问能收获多少？,为稻九斗、三十五分升之二十四。,,,18,以粟求稻，六之，五而一。
九章算术,卷第二　粟米,〔一六〕,今有粟七斗八升，欲为豉。问︰得几何？,现在有七斗八升的栗，想要用来做豉。问：能得到多少？,为豉九斗八升、二十五分升之七。,,,18,以粟求豉，六十三之，五十而一。
九章算术,卷第二　粟米,〔一七〕,今有粟五斗五升，欲为飧。问︰得几何？,现在有五斗五升的粮食，想要用作飨。请问，能得到多少？,为飧九斗九升。,,,18,以粟求飧，九之，五而一。
九章算术,卷第二　粟米,〔一八〕,今有粟四斗，欲为熟菽。问︰得几何？,现在有四斗栗，想把它制成熟菽。问：制成熟菽后得到多少？,为熟菽八斗二升、五分升之四。,,,18,以粟求熟菽，二百七之，百而一。
九章算术,卷第二　粟米,〔一九〕,今有粟二斗，欲为蘖。问︰得几何？,现在有二斗栗，想用来制作蘖。问这粮能制作多少蘖？,为蘖七斗。,,,18,以粟求蘖，七之，二而一。
九章算术,卷第二　粟米,〔二〇〕,今有粝米十五斗五升、五分升之二，欲为粟。问︰得几何？,现在有十五斗五又五分之二升的粝米，欲将其制成粟。请问，能得到多少？,为粟二十五斗九升。,,,18,以粝米求粟，五之，三而一。
九章算术,卷第二　粟米,〔二一〕,今有粺米二斗，欲为粟。问︰得几何？,现在有二斗粺米，想把它做成粟。请问能做成多少粟？,为粟三斗七升、二十七分升之一。,,,18,以粺米求粟，五十之，二十七而一。
九章算术,卷第二　粟米,〔二二〕,今有凿米三斗、少半升，欲为粟。问︰得几何？,现在有凿米三斗又少半升，想要做栗。问能得到多少？,为粟六斗三升、三十六分升之七。,,,18,以凿米求粟，二十五之，十三而一。
九章算术,卷第二　粟米,〔二三〕,今有御米十四斗，欲为粟。问︰得几何？,现在有十四斗御米，想将它们变成栗。问能变成多少？,为粟三十三斗三升、少半升。,,,18,以御米求粟，五十之，二十一而一。
九章算术,卷第二　粟米,〔二四〕,今有稻一十二斗六升、一十五分升之一十四，欲为粟。问︰得几何？,现在有十二斗六又十五分之十四升的稻，想要将其变成粟，请问能变成多少？,为粟一十斗五升、九分升之七。,,,18,以稻求粟，五之，六而一。
九章算术,卷第二　粟米,〔二五〕,今有粝米一十九斗二升、七分升之一，欲为粺米。问︰得几何？,现在有十九斗二又七分之一升的粝米，想要计算得出粺米的量。请问，得多少？,为粺米一十七斗二升、一十四分升之一十三。,,,18,以粝米求粺米，九之，十而一。
九章算术,卷第二　粟米,〔二六〕,今有粝米六斗四升、五分升之三，欲为粝饭。问︰得几何？,现在有六斗四又五分之三升的粝米，想做粝饭。问能做出多少粝饭？,为粝饭一十六斗一升半。,,,18,以粝米求粝饭，五之，二而一。
九章算术,卷第二　粟米,〔二七〕,今有粝饭七斗六升、七分升之四，欲为飧。问︰得几何？,现在有七斗六又七分之四升的稻饭，想要做一顿飨饭。问：共能做多少？,为飧九斗一升、三十五分升之三十一。,,,18,以粝饭求飧，六之，五而一。
九章算术,卷第二　粟米,〔二八〕,今有菽一斗，欲为熟菽。问︰得几何？,现在有一斗的菽，想将它做成熟菽。问得到多少？,为熟菽二斗三升。,,,18,以菽求熟菽，二十三之，十而一。
九章算术,卷第二　粟米,〔二九〕,今有菽二斗，欲为豉。问︰得几何？,现在有两斗的菽，想用来制作豉。问：能够得到多少？,为豉二斗八升。,,,18,以菽求豉，七之，五而一。
九章算术,卷第二　粟米,〔三〇〕,今有麦八斗六升、七分升之三，欲为小䵂，问︰得几何？,现有八斗六又七分之三升的麦，想制作小䵂，问这可得多少？,为小䵂二斗五升、一十四分升之一十三。,,,18,以麦求小䵂，三之，十而一。
九章算术,卷第二　粟米,〔三一〕,今有麦一斗，欲为大䵂。问︰得几何？,现在有一斗的麦，想用来做大䵂。问能做出多少？,为大䵂一斗二升。,,,18,以麦求大䵂，六之，五而一。
九章算术,卷第二　粟米,〔三二〕,今有出钱一百六十，买瓴甓十八枚。问︰枚几何？,现在有人出了一百六十块钱，买了十八个瓴甓。问：每个瓴甓多少钱？,一枚，八钱、九分钱之八。,,,19,
九章算术,卷第二　粟米,〔三三〕,今有出钱一万三千五百，买竹二千三百五十个。问︰个几何？,现在有人出了一万三千五百，买了两千三百五个竹制品。问：这些竹制品多少钱一个？,一个，五钱、四十七分钱之三十五。,,,19,
九章算术,卷第二　粟米,〔三四〕,今有出钱五千七百八十五，买漆一斛六斗七升、太半升。欲斗率之，问︰斗几何。,现在有人出了五千七百八十五钱，买了容量是一斛六斗七又太半升的漆。想按照斗的单位来计算，请问每斗是多少钱？,一斗，三百四十五钱、五百三分钱之一十五。,,,19,
九章算术,卷第二　粟米,〔三五〕,今有出钱七百二十，买缣一匹二丈一尺。欲丈率之，问︰丈几何？,现在有人出钱七百二十，想购买一匹二丈一尺的缣，请问每丈价格是多少？,一丈，一百一十八钱、六十一分钱之二。,,,19,
九章算术,卷第二　粟米,〔三六〕,今有出钱二千三百七十，买布九匹二丈七尺。欲匹率之，问︰匹几何？,现在有人出钱两千三百七十，购买九匹二丈七尺的布。想按照匹为单位，问每匹布多少钱？,一匹，二百四十四钱、一百二十九分钱之一百二十四。,,,19,
九章算术,卷第二　粟米,〔三七〕,今有出钱一万三千六百七十，买丝一石二钧一十七斤。欲石率之，问︰石几何？,现在有人出钱一万三千六百七十，购买丝一石二钧一十七斤。想请问一石多少钱？,一石，八千三百二十六钱、一百九十七分钱之一百七十八。,,,19,
九章算术,卷第二　粟米,〔三八〕,今有出钱五百七十六，买竹七十八个。欲其大小率之，问︰各几何？,现在有人出了五百七十六，买了七十八个竹子。想请问单价是多少？,其四十八个，个七钱。其三十个，个八钱。,,,19,
九章算术,卷第二　粟米,〔三九〕,今有出钱一千一百二十，买丝一石二钧十八斤。欲其贵贱斤率之，问︰各几何？,现在有人出钱一千一百二十，买了一石二钧十八斤丝。这些丝有贵贱两种，请问它们重量和每斤单价分别是多少？,其二钧八斤，斤五钱。其一石一十斤，斤六钱。,,,19,
九章算术,卷第二　粟米,〔四〇〕,今有出钱一万三千九百七十，买丝一石二钧二十八斤三两五铢。欲其贵贱石率之，问︰各几何？,现在有人出钱一万三千九百七十，买了一石二钧二十八斤三两五铢的丝。丝有贵贱两种，想问问它们总重量和每石的价格各是多少？,其一钧九两一十二铢，石八千五十一钱。其一石一钧二十七斤九两一十七铢，石八千五十二钱。,,,19,
九章算术,卷第二　粟米,〔四一〕,今有出钱一万三千九百七十，买丝一石二钧二十八斤三两五铢。欲其贵贱钧率之，问︰各几何？,现在有人出钱一万三千九百七十，购买丝一石二钧二十八斤三两五铢。丝有贵贱两种，想问问它们总重量和每钧的价格各是多少？,其七斤一十两九铢，钧二千一十二钱。其一石二钧二十斤八两二十铢，钧二千一十三钱。,,,19,
九章算术,卷第二　粟米,〔四二〕,今有出钱一万三千九百七十，买丝一石二钧二十八斤三两五铢。欲其贵贱斤率之，问︰各几何？,现在有人出钱一万三千九百七十，购买丝一石二钧二十八斤三两五铢。丝有贵贱两种，想问问它们总重量和每斤的价格各是多少？,其一石二钧七斤十两四铢，斤六十七钱。其二十斤九两一铢，斤六十八钱。,,,19,
九章算术,卷第二　粟米,〔四三〕,今有出钱一万三千九百七十，买丝一石二钧二十八斤三两五铢。欲其贵贱两率之，问︰各几何？,现在有一笔资金是一万三千九百七十，购买丝的重量是一石二钧二十八斤三两五铢。丝有贵贱两种，想问问它们总重量和每两的价格各是多少？,其一石一钧一十七斤一十四两一铢，两四钱。其一钧一十斤五两四铢，两五钱。,,,19,
九章算术,卷第二　粟米,〔四四〕,今有出钱一万三千九百七十，买丝一石二钧二十八斤三两五铢。欲其贵贱铢率之，问︰各几何？,现在有人出钱一万三千九百七十，买了一石二钧二十八斤三两五铢的丝。丝有贵贱两种，想问问它们总重量和每铢的价格各是多少？,其一钧二十斤六两十一铢，五铢一钱。其一石一钧七斤一十二两一十八铢，六铢一钱。,,,19,
九章算术,卷第二　粟米,〔四五〕,今有出钱六百一十，买羽二千一百翭。欲其贵贱率之，问︰各几何？,现在有人出钱六百一十，买了两千一百翭羽。羽有贵贱两种，想问问它们的数量和价格各是多少？,其一千一百四十翭，三翭一钱。其九百六十翭，四翭一钱。,,,19,
九章算术,卷第二　粟米,〔四六〕,今有出钱九百八十，买矢簳五千八百二十枚。欲其贵贱率之，问︰各几何？,现在有人出钱九百八十，买了五千八百二十枚箭矢。箭矢有贵贱两种，想问问它们的数量和价格各是多少？,其三百枚，五枚一钱。其五千五百二十枚，六枚一钱。,,,19,
九章算术,卷第三　衰分,〔一〕,今有大夫、不更、簪裹、上造、公士，凡五人，共猎得五鹿。欲以爵次分之，问︰各得几何？,现在有大夫、不更、簪裹、上造、公士等五人，共猎得五鹿。想按照爵位等级来分配这些鹿，请问各位各得多少？,大夫得一鹿、三分鹿之二。不更得一鹿、三分鹿之一。簪裹得一鹿。上造得三分鹿之二。公士得三分鹿之一。,,,20,列置爵数，各自为衰，副并为法。以五鹿乘未并者，各自为实。实如法得一鹿。
九章算术,卷第三　衰分,〔二〕,今有牛、马、羊食人苗。苗主责之粟五斗。羊主曰：“我羊食半马。”马主曰：“我马食半牛。”今欲衰偿之，问︰各出几何？,现在有牛、马、羊吃了别人庄稼苗。主人责罚了五斗栗。羊的主人说：“我的羊吃的是马的一半。”马的主人说：“我的马吃的是牛的一半。”现在要按比例进行赔偿，问：各自应出多少栗？,牛主出二斗八升、七分升之四。马主出一斗四升、七分升之二。羊主出七升、七分升之一。,,,20,置牛四、马二、羊一，各自为列衰，副并为法。以五斗乘未并者各自为实。实如法得一斗。
九章算术,卷第三　衰分,〔三〕,今有甲持钱五百六十，乙持钱三百五十，丙持钱一百八十，凡三人俱出关，关税百钱。欲以钱数多少衰出之，问︰各几何？,现在甲持有五百六十元，乙持有三百五十元，丙持有一百八十元，三个人一起出关，关税为一百元。想根据每个人所持有的钱数按比例出关税，请问：三个人需出关税分别是多少？,甲出五十一钱、一百九分钱之四十一。乙出三十二钱、一百九分钱之一十二。丙出一十六钱、一百九分钱之五十六。,,,20,各置钱数为列衰，副并为法，以百钱乘未并者，各自为实，实如法得一钱。
九章算术,卷第三　衰分,〔四〕,今有女子善织，日自倍，五日织五尺。问︰日织几何？,有一位女子擅长织布，每天织得比是前一天的两倍，五天就能织出五尺长的衣服。问这位女子每天织了多少布？,初日织一寸、三十一分寸之十九。次日织三寸、三十一分寸之七。次日织六寸、三十一分寸之十四。次日织一尺二寸、三十一分寸之二十八。次日织二尺五寸、三十一分寸之二十五。,,,20,置一、二、四、八、十六为列衰，副并为法，以五尺乘未并者，各自为实，实如法得一尺。
九章算术,卷第三　衰分,〔五〕,今有北乡算八千七百五十八，西乡算七千二百三十六，南乡算八千三百五十六，凡三乡，发傜三百七十八人。欲以算数多少衰出之，问︰各几何？,现在北乡算八千七百五十八，西乡算七千二百三十六，南乡算八千三百五十六，三乡一共需要发徭役三百七十八人。想按照算数多少来划分人数，请问各个乡的人数是多少？,北乡遣一百三十五人、一万二千一百七十五分人之一万一千六百三十七。西乡遣一百一十二人、一万二千一百七十五分人之四千四。南乡遣一百二十九人、一万二千一百七十五分人之八千七百九。,,,20,各置算数为列衰，副并为法，以所发傜人数乘未并者，各自为实，实如法得一人。
九章算术,卷第三　衰分,〔六〕,今有禀粟，大夫、不更、簪裹、上造、公士，凡五人，一十五斗。今有大夫一人后来，亦当禀五斗。仓无粟，欲以衰出之，问︰各几何？,现有禀粟十五斗，分给大夫、不更、簪裹、上造、公士等五人。后来又来了一个大夫，也应该分五斗粮食。粮食短缺，想让五人根据爵位按比例拿出粮食的来应急，问：这些人各需要出多少粮食？,大夫出一斗、四分斗之一。不更出一斗。簪袅出四分斗之三。上造出四分斗之二。公士出四分斗之一。,,,20,各置所禀粟斛斗数，爵次均之，以为列衰，副并而加后来大夫亦五斗，得二十以为法。以五斗乘未并者各自为实。实如法得一斗。
九章算术,卷第三　衰分,〔七〕,今有禀粟五斛，五人分之，欲令三人得三，二人得二。问︰各几何？,现在有五斛粮食，要将其分给五个人，使得三个人每人得到三份，两个人每人得到两份。问每个人分得了多少粮食？,三人，人得一斛一斗五升、十三分升之五。二人，人得七斗六升、十三分升之十二。,,,20,"置三人，人三；二人，人二，为列衰。副并为法。以五斛乘未并者，各自为实。实如法得一斛。
返衰术曰：列置衰而令相乘，动者为不动者衰。"
九章算术,卷第三　衰分,〔八〕,今有大夫、不更、簪袅、上造、公士，凡五人，共出百钱。欲令高爵出少，以次渐多，问︰各几何？,现在有大夫、不更、簪袅、上造、公士，共出了一百钱。想让他们更高的爵位出的钱逐渐减少，爵位越低出的越多。请问他们各自出多少？,大夫出八钱、一百三十七分钱之一百四。不更出一十钱、一百三十七分钱之一百三十。簪袅出一十四钱、一百三十七分钱之八十二。上造出二十一钱、一百三十七分钱之一百二十三。公士出四十三钱、一百三十七分钱之一百九。,,,20,置爵数各自为衰，而返衰之，副并为法。以百钱乘未并者各自为实。实如法得一钱。
九章算术,卷第三　衰分,〔九〕,今有甲持粟三升，乙持粝米三升，丙持粝饭三升。欲令合而分之，问︰各几何？,现在，甲持有三升的粟，乙持有三升的粝米，丙持有三升的粝饭。想要将这三位人士所持有的粮食混合在一起，并按比例分，问他们最后分得有粮食各为多少？,甲二升、一十分升之七。乙四升、一十分升之五。丙一升、一十分升之八。,,,20,以粟率五十、粝米率三十、粝饭率七十五为衰、而返衰之，副并为法。以九升乘未并者各自为实。实如法得一升。
九章算术,卷第三　衰分,〔一〇〕,今有丝一斤，价直二百四十。今有钱一千三百二十八，问︰得丝几何？,现在一斤丝的价钱高达二百四十。现在有钱一千三百二十八，问能买多少丝？,五斤八两一十二铢、三分铢之四。,,,20,以一斤价数为法，以一斤乘今有钱数为实，实如法得丝数。
九章算术,卷第三　衰分,〔一一〕,今有丝一斤价直三百四十三。今有丝七两一十二铢，问︰得钱几何？,现在一斤丝的价格三百四十三。现在有七两十二铢丝，问能得多少钱？,一百六十一钱、三十二分钱之二十三。,,,20,以一斤铢数为法，以一斤价数，乘七两一十二铢为实。实如法得钱数。
九章算术,卷第三　衰分,〔一二〕,今有缣一丈价直一百二十六。今有缣一匹九尺五寸，问︰得钱几何？,现在有缣一丈长价格一百二十六元。现在有一张九尺五寸长，问能得到多少钱？,六百三十三钱、五分钱之三。,,,20,以一丈寸数为法，以价钱数乘今有缣寸数为实，实如法得钱数。
九章算术,卷第三　衰分,〔一三〕,今有布一匹，价直一百二十三。今有布二丈七尺，问︰得钱几何？,现在有布一匹，售价是一百二十三块钱。现在有二丈七尺的布，问总共能得多少钱？,八十四钱、分钱之三。,,,20,以一匹尺数为法，今有布尺数乘价钱为实，实如法得钱数。
九章算术,卷第三　衰分,〔一四〕,今有素一匹一丈，价直六百二十五。今有钱五百，问︰得素几何？,现在有一匹一丈的素，价格六百二十五。现在有钱五百，问能购买素多少？,四丈。,,,20,以价直为法，以一匹一丈尺数乘今有钱数为实。实如法得素数。
九章算术,卷第三　衰分,〔一五〕,今有与人丝一十四斤，约得缣一十斤。今与人丝四十五斤八两，问︰得缣几何？,现在有十四斤丝，约定得到十斤缣。现在有四十五斤八两的丝，请问得多少缣？,三十二斤八两。,,,20,以一十四斤两数为法，以一十斤乘今有丝两数为实，实如法得缣数。
九章算术,卷第三　衰分,〔一六〕,今有丝一斤，耗七两。今有丝二十三斤五两，问︰耗几何？,现在有一斤丝，需要消耗七两。现在有二十三斤五两的丝，问消耗了多少？,一百六十三两四铢半。,,,20,以一斤展十六两为法，以七两乘今有丝两数为实，实如法得耗数。
九章算术,卷第三　衰分,〔一七〕,今有生丝三十斤，干之，耗三斤十二两。今有干丝一十二斤，问︰生丝几何？,现在有三十斤生丝被干成了干丝，共消耗了三斤十二两。现在有十二斤干丝，那么生丝原有多少斤呢？,一十三斤一十一两十铢、七分铢之二。,,,20,置生丝两数，除耗数，馀，以为法。三十斤乘干丝两数为实。实如法得生丝数。
九章算术,卷第三　衰分,〔一八〕,今有田一亩，收粟六升、太半升。今有田一顷二十六亩一百五十九步，问︰收粟几何？,现有一亩田，每年可收获六又太半升粮食。现有田一顷二十六亩一百五十九步，问每年可收获多少粮食？,八斛四斗四升、一十二分升之五。,,,20,以亩二百四十步为法，以六升、太半升乘今有田积步为实，实如法得粟数。
九章算术,卷第三　衰分,〔一九〕,今有取保一岁，价钱二千五百。今先取一千二百，问︰当作日几何？,现在有人要求保一年，价格二千五百。现在有一千二百，问这样可以保多少日子？,一百六十九日、二十五分日之二十三。,,,20,以价钱为法，以一岁三百五十四日乘先取钱数为实，实如法得日数。
九章算术,卷第三　衰分,〔二〇〕,今有贷人千钱，月息三十。今有贷人七百五十钱，九日归之，问︰息几何？,现在有人借给他人一千钱，每月收取三十的利息。现在有人借给他人七百五十钱，需要九天归还，问这个人收取的利息是多少？,六钱、四分钱之三。,,,20,以月三十日，乘千钱为法。以息三十乘今所贷钱数，又以九日乘之，为实。实如法得一钱。
九章算术,		卷第四　少广,〔一〕,今有田广一步半。求田一亩，问︰从几何？,现在有一块田，宽度是一步半。求一块田面积为一亩数，问长多少？,一百六十步。,,,21,下有半，是二分之一。以一为二，半为一，并之得三，为法。置田二百四十步，亦以一为二乘之，为实。实如法得从步。
九章算术,		卷第四　少广,〔二〕,今有田广一步半、三分步之一。求田一亩，问︰从几何？,现在有一块田，宽一步半外加三分之一步。求田一亩，问长多少？,一百三十步、一十一分步之一十。,,,21,下有三分，以一为六，半为三，三分之一为二，并之得一十一为法。置田二百四十步，亦以一为六乘之，为实。实如法得从步。
九章算术,		卷第四　少广,〔三〕,今有田广一步半、三分步之一、四分步之一。求田一亩，问︰从几何？,现在有一块田，宽度是一步半加上三分之一步再加四分之一步。要测量田一亩的大小，请问长多少？,一百一十五步、五分步之一。,,,21,下有四分，以一为一十二，半为六，三分之一为四，四分之一为三，并之得二十五，以为法。置田二百四十步，亦以一为一十二乘之，为实。实如法而一，得从步。
九章算术,		卷第四　少广,〔四〕,今有田广一步半、三分步之一、四分步之一、五分步之一。求田一亩，问︰从几何？,现在有一块田，宽度是一步半加三分步之一再加四分步之一再加五分步之一。求田一亩，问长是多少？,一百五步、一百三十七分步之一十五。,,,21,下有五分，以一为六十，半为三十，三分之一为二十，四分之一为一十五，五分之一为一十二，并之得一百三十七，以为法。置田二百四十步，亦以一为六十乘之，为实。实如法得从步。
九章算术,		卷第四　少广,〔五〕,今有田广一步半、三分步之一、四分步之一、五分步之一、六分步之一。求田一亩，问︰从几何？,现在有一块田，宽是一步半加三分步之一再加四分步之一再加五分步之一再加六分步之一。求田的面积的一亩，问长是多少？,九十七步、四十九分步之四十七。,,,21,下有六分，以一为一百二十，半为六十，三分之一为四十，四分之一为三十，五分之一为二十四，六分之一为二十，并之得二百九十四以为法。置田二百四十步，亦以一为一百二十乘之，为实。实如法得从步。
九章算术,		卷第四　少广,〔六〕,今有田广一步半、三分步之一、四分步之一、五分步之一、六分步之一、七分步之一。求田一亩，问︰从几何？,现在有一个田，其宽度是一步半长外加三分之一步再加四分之一步再加五分之一步再加六分之一步再加七分之一步。求一亩田的长度是多少？,九十二步、一百二十一分步之六十八。,,,21,下有七分，以一为四百二十，半为二百一十，三分之一为一百四十，四分之一为一百五，五分之一为八十四，六分之一为七十，七分之一为六十，并之得一千八十九，以为法。置田二百四十步，亦以一为四百二十乘之，为实。实如法得从步。
九章算术,		卷第四　少广,〔七〕,今有田广一步半、三分步之一、四分步之一、五分步之一、六分步之一、七分步之一、八分步之一。求田一亩，问︰从几何？,现在有田，宽为一步半外加三分之一步再加四分之一步再加五分之一步再加六月分之一步再加七分之一步再加八分之一步。求一亩的田的长度是多少？,八十八步、七百六十一分步之二百三十二。,,,21,下有八分，以一为八百四十，半为四百二十，三分之一为二百八十，四分之一为二百一十，五分之一为一百六十八，六分之一为一百四十，七分之一为一百二十，八分之一为一百五，并之得二千二百八十三，以为法。置田二百四十步，亦以一为八百四十乘之，为实。实如法得从步。
九章算术,		卷第四　少广,〔八〕,今有田广一步半、三分步之一、四分步之一、五分步之一、六分步之一、七分步之一、八分步之一、九分步之一。求田一亩，问︰从几何？,现在有一块田，田宽一步半外加三分之一步再加四分之一步再加五分之一步再加六分之一步再加七分之一步再加八分之一步再加九分之一步。请问这块田面积是一亩的话，长为多少？,八十四步、七千一百二十九分步之五千九百六十四。,,,21,下有九分，以一为二千五百二十，半为一千二百六十，三分之一为八百四十，四分之一为六百三十，五分之一为五百四，六分之一为四百二十，七分之一为三百六十，八分之一为三百一十五，九分之一为二百八十，并之得七千一百二十九，以为法。置田二百四十步，亦以一为二千五百二十乘之，为实。实如法得从步。
九章算术,		卷第四　少广,〔九〕,今有田广一步半、三分步之一、四分步之一、五分步之一、六分步之一、七分步之一、八分步之一、九分步之一、十分步之一。求田一亩，问︰从几何？,现在有一块田，宽一步半外加三分步之一再加四分步之一再加五分步之一再加六分步之一再加七分步之一再加八分步之一再加九分步之一再加十分步之一。要计算田一亩的长度是多少？,八十一步、七千三百八十一分步之六千九百三十九。,,,21,下有一十分，以一为二千五百二十，半为一千二百六十，三分之一为八百四十，四分之一为六百三十，五分之一为五百四，六分之一为四百二十，七分之一为三百六十，八分之一为三百一十五，九分之一为二百八十，十分之一为二百五十二，并之得七千三百八十一，以为法。置田二百四十步，亦以一为二千五百二十乘之，为实。实如法得从步。
九章算术,		卷第四　少广,〔一〇〕,今有田广一步半、三分步之一、四分步之一、五分步之一、六分步之一、七分步之一、八分步之一、九分步之一、十分步之一、十一分步之一。求田一亩，问︰从几何？,现在有一个田，宽是一步半外加三分之一步再加四分之一步再加五分之一步再加六分之一步再加七分之一步再加八分之一步再加九分之一步再加十分之一步再加十一分之一步。要得到一亩田，请问长为多少？,七十九步、八万三千七百一十一分步之三万九千六百三十一。,,,21,下有一十一分，以一为二万七千七百二十，半为一万三千八百六十，三分之一为九千二百四十，四分之一为六千九百三十，五分之一为五千五百四十四，六分之一为四千六百二十，七分之一为三千九百六十，八分之一为三千四百六十五，九分之一为三千八十，一十分之一为二千七百七十二，一十一分之一为二千五百二十，并之得八万三千七百一十一，以为法。置田二百四十步，亦以一为二万七千七百二十乘之，为实。实如法得从步。
九章算术,		卷第四　少广,〔一一〕,今有田广一步半、三分步之一、四分步之一、五分步之一、六分步之一、七分步之一、八分步之一、九分步之一、十分步之一、十一分步之一、十二分步之一。求田一亩，问︰从几何？,现在有一块田，它的宽是一步半加三分步之一加四分步之一加五分步之一加六分步之一加七分步之一加八分步之一加九分步之一加十分步之一加十一分步之一加十二分步之一。要计算田一亩，请问长为多少？,七十七步、八万六千二十一分步之二万九千一百八十三。,,,21,下有一十二分，以一为八万三千一百六十，半为四万一千五百八十，三分之一为二万七千七百二十，四分之一为二万七百九十，五分之一为一万六千六百三十二，六分之一为一万三千八百六十，七分之一为一万一千八百八十，八分之一为一万三百九十五，九分之一为九千二百四十，一十分之一为八千三百一十六十一分之一为七千五百六十，十二分之一为六千九百三十，并之得二十五万八千六十三，以为法。置田二百四十步，亦以一为八万三千一百六十乘之，为实。实如法得从步。
九章算术,		卷第四　少广,〔一二〕,今有积五万五千二百二十五步。问︰为方几何？,现在有五万五千二百五十二十五步的面积。请问这是多大的正方形？,二百三十五步。,,,22,
九章算术,		卷第四　少广,〔一三〕,又有积二万五千二百八十一步。问︰为方几何？,又有面积二万五千二百八十一步。问正方形边长多少？,一百五十九步。,,,22,
九章算术,		卷第四　少广,〔一四〕,又有积七万一千八百二十四步。问︰为方几何？,还有面积七万一千八百二十四步，问这个数字开方后是什么？,二百六十八步。,,,22,
九章算术,		卷第四　少广,〔一五〕,又有积五十六万四千七百五十二步、四分步之一。问︰为方几何？,还有五十六万四千七百五十二步外加四分之一步。问，其正方形边长是多少？,七百五十一步半。,,,22,
九章算术,		卷第四　少广,〔一六〕,又有积三十九亿七千二百一十五万六百二十五步。问︰为方几何？,又有面积三十九亿七千二百一十五万六百二十五步。问︰开方后是多少？,六万三千二十五步。,,,22,
九章算术,		卷第四　少广,〔一七〕,今有积一千五百一十八步、四分步之三。问︰为圆周几何？,现在有一个圆有一千五百一十八步加四分之三步的面积。请问圆周是多少？,一百三十五步。,,,23,
九章算术,		卷第四　少广,〔一八〕,今有积三百步。问︰为圆周几何？,现在圆的面积是三百步，问圆的周长是多少？,六十步。,,,23,
九章算术,		卷第四　少广,〔一九〕,今有积一百八十六万八百六十七尺。问︰为立方几何？,现在有体积为一百八十六万八百六十七尺的正方体。问︰开立方之后是多少？,一百二十三尺。,,,24,
九章算术,		卷第四　少广,〔二〇〕,今有积一千九百五十三尺、八分尺之一。问︰为立方几何？,今有体积一千九百五十三尺外加八分尺之一。问开立方之后是多少？,一十二尺半。,,,24,
九章算术,		卷第四　少广,〔二一〕,今有积六万三千四百一尺、五百一十二分尺之四百四十七。问︰为立方几何？,现在有体积为六万三千四百一尺、五百一十二分尺之四百四十七的立方体。请问开立方之后是多少？,三十九尺、八分尺之七。,,,24,
九章算术,		卷第四　少广,〔二二〕,又有积一百九十三万七千五百四十一尺、二十七分尺之一十七。问︰为立方几何？,又有体积一百九十三万七千五百四十一尺、二十七分尺之一十七。问开立方是多少？,一百二十四尺、太半尺。,,,24,
九章算术,		卷第四　少广,〔二三〕,今有积四千五百尺。问︰为立圆径几何？,现在有一个体积四千五百尺的球体，问这个物体的直径是多少？,二十尺。,,,25,
九章算术,		卷第四　少广,〔二四〕,又有积一万六千四百四十八亿六千六百四十三万七千五百尺。问︰为立圆径几何？,还有球体体积为一万六千四百四十八亿六千六百四十三万七千五百尺。请问物体的直径是多少？,一万四千三百尺。,,,25,
九章算术,卷第五　商功,〔一〕,今有穿地积一万尺。问︰为坚、壤各几何？,现在有穿地一万尺，问这个地的坚和壤各有多少？,为坚七千五百尺。为壤一万二千五百尺。,,,26,
九章算术,卷第五　商功,〔二〕,今有城下广四丈，上广二丈，高五丈，袤一百二十六丈五尺。问︰积几何？,现在这座城的下边宽是四丈，上宽是二丈，高度是五丈，长是一百二十六丈五尺。问这座城的体积是多少？,一百八十九万七千五百尺。,,,26,
九章算术,卷第五　商功,〔三〕,今有垣下广三尺，上广二尺，高一丈二尺，袤二十二丈五尺八寸。问︰积几何？,现在有一高为一丈二尺和长二十二丈五尺八寸的垣，它的下边宽是三尺，上边宽是二尺。请问它的体积是多少？,六千七百七十四尺。,,,26,
九章算术,卷第五　商功,〔四〕,今有堤下广二丈，上广八尺，高四尺，袤一十二丈七尺。问︰积几何？冬程人功四百四十四尺。问︰用徒几何？,现在有一个下边宽二丈、上边宽八尺、高四尺的堤，堤长十二丈七尺。问这个堤的体积是多少？冬程每人完成四百四十四尺的工程。请问，需要几个人？,七千一百一十二尺。一十六人、一百一十一分人之二。,,,26,以积尺为实，程功尺数为法，实如法而一，即用徒人数。
九章算术,卷第五　商功,〔五〕,今有沟上广一丈五尺，下广一丈，深五尺，袤七丈。问︰积几何？春程人功七百六十六尺，并出土功五分之一，定功六百一十二尺、五分尺之四。问︰用徒几何？,现在有一条沟，上面宽一丈五尺，下面宽一丈，深五尺，长度共七丈。问这条沟的容积是多少？春程每人能完成七百六十六尺，同时出了土功五分之一，定功为六百一十二尺外加五分之四尺。问：需要用多少人？,四千三百七十五尺。七人、三千六十四分人之四百二十七。,,,26,置本人功，去其五分之一，馀为法。以沟积尺为实。实如法而一，得用徒人数。
九章算术,卷第五　商功,〔六〕,今有堑上广一丈六尺三寸，下广一丈，深六尺三寸，袤一十三丈二尺一寸。问︰积几何？夏程人功八百七十一尺。并出土功五分之一，沙砾水石之功作太半，定功二百三十二尺、一十五分尺之四。问︰用徒几何？,现在有一条沟渠，上宽一丈六尺三寸，下宽一丈，深六尺三寸，长一十三丈二尺一寸。问沟的容积多少？夏程人功八百七十二尺，其中包括五分之一的土功，以及沙砾和水石功太半。最终确定的功长为二百三十二尺外加十五分之四尺。请问，用徒多少？,一万九百四十三尺八寸。四十七人、三千四百八十四分人之四百九。,,,26,置本人功，去其出土功五分之一，又去沙砾水石之功太半，馀为法。以堑积尺为实。实如法而一，即用徒人数。
九章算术,卷第五　商功,〔七〕,今有穿渠上广一丈八尺，下广三尺六寸，深一丈八尺，袤五万一千八百二十四尺。问︰积几何？秋程人功三百尺，问︰用徒几何？一千人先到，问︰当受袤几何？,现在有一条渠道，上宽一丈八尺，下宽三尺六寸，深一丈八尺，渠道长约五万一千八百二十四尺。问这个渠道的容积是多少？秋程人均能完成三百尺，请问这个工程的用徒需要多少？一千人已经先到了，应该分配的长度是多少？,一千七万四千五百八十五尺六寸。三万三千五百八十二人功。内少一十四尺四寸。一百五十四丈三尺二寸、八十一分寸之八。,,,26,以一人功尺数，乘先到人数为实。并渠上下广而半之，以深乘之为法。实如法得袤尺。
九章算术,卷第五　商功,〔八〕,今有方堡壔方一丈六尺，高一丈五尺。问︰积几何？,现在有一个体积为一丈六尺的正方形堡壔，高度为一丈五尺。问这个堡壔的面积是多少？,三千八百四十尺。,,,26,方自乘，以高乘之，即积尺。
九章算术,卷第五　商功,〔九〕,今有圆堡壔，周四丈八尺，高一丈一尺。问︰积几何？,现在有一个圆形的堡垒，周长为四丈八尺，高度为一丈一尺。问这个堡垒的体积是多少？,二千一百一十二尺。,,,26,周自相乘，以高乘之，十二而一。
九章算术,卷第五　商功,〔一〇〕,今有方亭，下方五丈，上方四丈，高五丈。问︰积几何？,现在有一个方形亭子，下面边长五丈，上面边长四丈，高度五丈。问这个亭子的体积是多少？,一十万一千六百六十六尺、太半尺。,,,26,上下方相乘，又各自乘，并之，以高乘之，三而一。
九章算术,卷第五　商功,〔一一〕,今有圆亭，下周三丈，上周二丈，高一丈。问︰积几何？,现在有一个圆形亭子，下圆周长三丈，上圆周长二丈，高一丈。问这个亭子的体积是多少？,五百二十七尺、九分尺之七。,,,26,上、下周相乘，又各自乘，并之，以高乘之，三十六而一。
九章算术,卷第五　商功,〔一二〕,今有方锥下方二丈七尺，高二丈九尺。问︰积几何？,现在有一个方锥，底部边长为二丈九尺，高为二丈九尺。问这个体积是多少？,七千四十七尺。,,,26,下方自乘，以高乘之，三而一。
九章算术,卷第五　商功,〔一三〕,今有圆锥下周三丈五尺，高五丈一尺。问︰积几何？,现在有一个圆锥，它的底部周长三丈五尺，高度为五丈一尺。问这个圆锥的体积是多少？,一千七百三十五尺、一十二分尺之五。,,,26,下周自乘，以高乘之，三十六而一。
九章算术,卷第五　商功,〔一四〕,今有堑堵下广二丈，袤一十八丈六尺，高二丈五尺。问︰积几何？,现在有一堑堵，渠底宽度为二丈，渠长为十八丈六尺，渠高为二丈五尺。问这个沟渠的容积是多少？,四万六千五百尺。,,,26,广袤相乘，以高乘之，二而一。
九章算术,卷第五　商功,〔一五〕,今有阳马，广五尺，袤七尺，高八尺。问︰积几何？,现在有一阳马，宽为五尺，长度为七尺，高度为八尺。请问它的体积是多少？,九十三尺、少半尺。,,,26,广袤相乘，以高乘之，三而一。
九章算术,卷第五　商功,〔一六〕,今有鳖臑下广五尺，无袤，上袤四尺，无广，高七尺。问︰积几何？,现在有一鳖臑，其底部宽为五尺，没有长度，上部长度为四尺，没有宽度，高度为七尺。问它的体积是多少？,二十三尺、少半尺。,,,26,广袤相乘，以高乘之，六而一。
九章算术,卷第五　商功,〔一七〕,今有羡除，下广六尺，上广一丈，深三尺，末广八尺，无深，袤七尺。问︰积几何？,现在有一羡除，下宽六尺，上宽一丈，深三尺，末尾宽八尺，没有深，长约七尺。问这个羡的容积是多少？,八十四尺。,,,26,并三广，以深乘之，又以袤乘之，六而一。
九章算术,卷第五　商功,〔一八〕,今有刍甍，下广三丈，袤四丈，上袤二丈，无广，高一丈。问︰积几何？,现在有一刍甍，下面宽度为三丈、长度为四丈、上面长度为二丈的，没有宽度，高度为高一丈。问这个刍甍的体积是多少？,五千尺。,,,27,
九章算术,卷第五　商功,〔一九〕,今有刍童，下广二丈，袤三丈，上广三丈，袤四丈，高三丈。问︰积几何？,现在有一刍童，它的下宽是两丈，长是三丈，上宽是三丈，长是四丈，高是三丈。问它的体积是多少？,二万六千五百尺。,,,27,
九章算术,卷第五　商功,〔二〇〕,今有曲池，上中周二丈，外周四丈，广一丈，下中周一丈四尺，外周二丈四尺，广五尺，深一丈。问︰积几何？,现在有一曲池，上面内圆周二丈，外圆周四丈，宽一丈，下面内圆周一丈四尺，外圆周二丈四尺，宽五尺，深一丈。问池塘的容积是多少？,一千八百八十三尺三寸、少半寸。,,,27,
九章算术,卷第五　商功,〔二一〕,今有盘池，上广六丈，袤八丈，下广四丈，袤六丈，深二丈。问︰积几何？负土往来七十步，其二十步上下棚除。棚除二当平道五，踟蹰之间十加一，载输之间三十步，定一返一百四十步。土笼积一尺六寸，秋程人功行五十九里半。问︰人到、积尺、用徒各几何？,现在有一盘池，它的上面宽度是六丈，上面长度是八丈，下面宽度是四丈，下面长度是六丈，池深二丈。请问这个池的容积是多少？背土来回需要七十步，其中二十步是在上坡。在坡上二步等于平路五步，休息的十加一，装载输运需要三十步，一次往返为一百四十步。土笼容积一尺六寸。秋程人功为五十九里半。问：每人输运的体积和用徒各是多少？,七万六百六十六尺、太半尺。人到二百四尺。用徒三百四十六人、一百五十三分人之六十二。,,,27,以一笼积尺乘程行步数为实。往来上下，棚除二当平道五。置定往来步数，十加一，及载输之间三十步以为法。除之，所得即一人所到尺。以所到约积尺，即用徒人数。
九章算术,卷第五　商功,〔二二〕,今有冥谷上广二丈，袤七丈，下广八尺，袤四丈，深六丈五尺。问︰积几何？载土往来二百步，载输之间一里，程行五十八里，六人共车，车载三十四尺七寸。问︰人到积尺及用徒各几何？,现在有冥谷，其上宽二丈，长七丈，下宽八尺，长四丈，深六丈五尺。问：这个冥谷容积是多少？装载土需要走二百步，输运需要走一里路，总路程五十八里路，六个人一辆车，车的容量三十四尺七寸。问：这些人均运到土的积尺和用徒各是多少？,五万二千尺。人到二百一尺、五十分尺之十三。用徒二百五十八人、一万六十三分人之三千七百四十六。,,,27,以一车积尺乘程行步数为实。置今往来步数，加载输之间一里，以车六人乘之，为法。除之，所得即一人所到尺。以所到约积尺，即用徒人数。
九章算术,卷第五　商功,〔二三〕,今有委粟平地，下周一十二丈，高二丈。问︰积及为粟几何？,现在将粟堆在平地上，下圆周长十二丈，高二丈。问这个体积是多少？以及这个粟的总量多少？,积八千尺。为粟二千九百六十二斛、二十七分斛之二十六。,,,28,
九章算术,卷第五　商功,〔二四〕,今有委菽依垣，下周三丈，高七尺。问︰积及为菽各几何？,现在将菽靠一面墙边堆放，下圆周长三丈，高度为七尺。请问菽的体积是多少？菽的总量是多少？,积三百五十尺。为菽一百四十四斛、二百四十三分斛之八。,,,28,
九章算术,卷第五　商功,〔二五〕,今有委米依垣内角，下周八尺，高五尺。问︰积及为米几何？,现在将米放在城墙角处，下圆周长为八尺，高度为五尺。问这个体积是多少？米的总量是多少？,积三十五尺、九分尺之五。为米二十一斛，七百二十九分斛之六百九十一。,,,28,
九章算术,卷第五　商功,〔二六〕,今有穿地，袤一丈六尺，深一丈，上广六尺，为垣积五百七十六尺。问︰穿地下广几何？,现在有一出穿地，长一丈六尺，深一丈，上部宽六尺，土垣体积五百七十六尺。问：穿地的下宽是多少？,三尺、五分尺之三。,,,27,置垣积尺，四之为实。以深、袤相乘，又三之，为法。所得倍之，减上广，馀即下广。
九章算术,卷第五　商功,〔二七〕,今有仓广三丈，袤四丈五尺，容粟一万斛。问︰高几何？,现在有一个粮仓，宽是三丈，长四丈五尺，可以容纳一万斛的粮食。问粮仓的高度是多少？,二丈。,,,27,置粟一万斛积尺为实。广袤相乘为法。实如法而一，得高尺。
九章算术,卷第五　商功,〔二八〕,今有圆困，高一丈三尺三寸、少半寸，容米二千斛。问︰周几何？,现在有一个圆困，高是一丈三尺三又少半寸，可以容纳两千斛的米。问：它的圆周长是多少？,五丈四尺。,,,27,置米积尺，以十二乘之，令高而一，所得，开方除之，即周。
九章算术,		卷第六　均输,〔一〕,今有均输粟： 甲县一万户，行道八日；乙县九千五百户，行道十日；丙县一万二千三百五十户，行道十三日；丁县一万二千二百户，行道二十日，各到输所。凡四县赋，当输二十五万斛，用车一万乘。欲以道里远近，户数多少，衰出之。问︰粟、车各几何？,现在有一个均输粟的运粮规定：甲县有一万一千户，需要经过八天的道路行驶；乙县有九千五百户，需要经过十日的道路行驶；丙县有一万两千三百五十户，需要经过十三天的道路行驶；丁县有一万两千二百户，需要经过二十天的道路行驶，各自的粮食送到指定的仓库。四县总共需要运送二十五万斛的粮食，需要用车一万乘。如果想要根据道路的远近和户数的多少按比例确定粟和车的数量，请问粟和车的数量各是多少？,甲县粟八万三千一百斛，车三千三百二十四乘。乙县粟六万三千一百七十五斛，车二千五百二十七乘。丙县粟六万三千一百七十五斛，车二千五百二十七乘。丁县粟四万五百五十斛，车一千六百二十二乘。,,,29,令县户数，各如其本行道日数而一，以为衰。甲衰一百二十五，乙、丙衰各九十五，丁衰六十一，副并为法。以赋粟、车数乘未并者，各自为实。实如法得一车。有分者，上下辈之。以二十五斛乘车数，即粟数。
九章算术,		卷第六　均输,〔二〕,今有均输卒：甲县一千二百人，薄塞；乙县一千五百五十人，行道一日；丙县一千二百八十人，行道二日；丁县九百九十人，行道三日；戊县一千七百五十人，行道五日。凡五县，赋输卒一月一千二百人。欲以远近、户率，多少衰出之。问︰县各几何？,现在有五个县需要输运兵卒，甲县一千二百人，离要塞很近；乙县一千五百五十人，路程一天；丙县一千二百八十人，路程二日；丁县九百九十人，路程三日；戊县一千七百五十人，路程五日。五县需要输送一月一千二百人。想根据距离的远近、居民人口的多少来派遣这些人。请问这些县分别需要出多少人？,甲县二百二十九人。乙县二百八十六人。丙县二百二十八人。丁县一百七十一人。戊县二百八十六人。,,,29,令县卒，各如其居所及行道日数而一，以为衰。甲衰四，乙衰五，丙衰四，丁衰三，戊衰五，副并为法。以人数乘未并者各自为实。实如法而一。有分者，上下辈之。
九章算术,		卷第六　均输,〔三〕,今有均赋粟：甲县二万五百二十户，粟一斛二十钱，自输其县；乙县一万二千三百一十二户，粟一斛一十钱，至输所二百里；丙县七千一百八十二户，粟一斛一十二钱，至输所一百五十里；丁县一万三千三百三十八户，粟一斛一十七钱，至输所二百五十里；戊县五千一百三十户，粟一斛一十三钱，至输所一百五十里。凡五县赋，输粟一万斛。一车载二十五斛，与僦一里一钱。欲以县户输粟，令费劳等。问︰县各粟几何？,现在进行均赋粮食：甲县有二万五百二十户，粟一斛二十钱，甲县是运送粮食的目的地；乙县有一万二千三百一十二户，粟每斛十钱，距离甲县二百里；丙县有七千一百八十二户，粟每斛十二钱，距离甲县一百五十里；丁县有一万三千三百三十八户，粟每斛十七钱，距离甲县二百五十里；戊县有五千一百三十户，粟每斛十三钱，距离甲县一百五十里。五县的赋税，需要运送粟一万斛。每辆车运送二十五斛，运输成本每里一钱。想根据县户数运送粮食，费用等相同。问：甲县、乙县、丙县、丁县、戊县各运送的粮食是多少？,甲县三千五百七十一斛、二千八百七十三分斛之五百一十七。乙县二千三百八十斛、二千八百七十三分斛之二千二百六十。丙县一千三百八十八斛、二千八百七十三分斛之二千二百七十六。丁县一千七百一十九斛、二千八百七十三分斛之一千三百一十三。戊县九百三十九斛、二千八百七十三分斛之二千二百五十三。,,,29,以一里僦价，乘至输所里，以一车二十五斛除之，加一斛粟价，则致一斛之费。各以约其户数，为衰。甲衰一千二十六，乙衰六百八十四，丙衰三百九十九，丁衰四百九十四，戊衰二百七十，副并为法。所赋粟乘未并者，各自为实。实如法得一。
九章算术,		卷第六　均输,〔四〕,今有均赋粟， 甲县四万二千算，粟一斛二十，自输其县；乙县三万四千二百七十二算，粟一斛一十八，佣价一日一十钱，到输所七十里；丙县一万九千三百二十八算，粟一斛一十六，佣价一日五钱，到输所一百四十里；丁县一万七千七百算，粟一斛一十四，佣价一日五钱，到输所一百七十五里；戊县二万三千四十算，粟一斛一十二，佣价一日五钱，到输所二百一十里；己县一万九千一百三十六算，粟一斛一十，佣价一日五钱，到输所二百八十里。凡六县赋粟六万斛，皆输甲县。六人共车，车载二十五斛，重车日行五十里，空车日行七十里，载输之间各一日。粟有贵贱，佣各别价，以算出钱，令费劳等。问︰县各粟几何？,现在按照公平赋税上交粟，甲县有四万二千算，每斛粟二十钱，不需要运输；乙县有三万四千二百七十二算，每斛粟十八钱，运粮佣金每日十钱，运输距离为七十里；丙县有一万九千三百二十八算，每斛粟十六钱，运粮佣金每日五钱，运输距离为一百四十里；丁县有一万七千七百算，每斛粟十四钱，运粮佣金每日五钱，运输距离为一百七十五里；戊县有二万三千四十算，每斛粟十二钱，运粮佣金每日五钱，运输距离为二百一十里；己县有一万九千一百三十六算，每斛粟十钱，运粮佣金每日五钱，运输距离为二百八十里。所有六县的赋税粮食共计六万斛，全部运输到甲县。六个人共用一辆车，车载二十五斛，重车每日行驶五十里，空车每日行驶七十里，载货之间各一日。粮食有贵贱，佣金也有高低，按照不同县的算数比例出钱，使税收和劳动力等值。请问，各县需要出多少粟？,甲县一万八千九百四十七斛、一百三十三分斛之四十九。乙县一万八百二十七斛、一百三十三分斛之九。丙县七千二百一十八斛、一百三十三分斛之六。丁县六千七百六十六斛、一百三十三分斛之一百二十二。戊县九千二十二斛、一百三十三分斛之七十四。己县七千二百一十八斛、一百三十三分斛之六。,,,29,以车程行空、重相乘为法，并空、重以乘道里，各自为实，实如法得一日。加载输各一日，而以六人乘之，又以佣价乘之，以二十五斛除之，加一斛粟价，即致一斛之费。各以约其算数为衰，副并为法，以所赋粟乘未并者，各自为实。实如法得一斛。
九章算术,		卷第六　均输,〔五〕,今有粟七斗，三人分舂之，一人为粝米，一人为粺米，一人为凿米，令米数等。问︰取粟为米各几何？,现在有七斗粟，三个人负责舂米，一人负责制作粝米，一人负责制作粺米，一人负责制作凿米，使得米数量相等。问：每个人分到的粟米数量各是多少？,粝米取粟二斗、一百二十一分斗之一十。粺米取粟二斗、一百二十一分斗之三十八。凿米取粟二斗、一百二十一分斗之七十三。为米各一斗、六百五分斗之一百五十一。,,,29,列置粝米三十，粺米二十七，凿米二十四，而反衰之，副并为法。以七斗乘未并者，各自为取粟实。实如法得一斗。若求米等者，以本率各乘定所取粟为实，以粟率五十为法，实如法得一斗。
九章算术,		卷第六　均输,〔六〕,今有人当禀粟二斛。仓无粟，欲与米一、菽二，以当所禀粟。问︰各几何？,现在有人要领取二斛粟，但是粮仓没有粟了，想要用米和菽以一比二替代所分发的粟。请问需要米和菽各多少？,米五斗一升、七分升之三。菽一斛二升、七分升之六。,,,29,置米一、菽二求为粟之数。并之得三、九分之八，以为法。亦置米一、菽二，而以粟二斛乘之，各自为实。实如法得一斛。
九章算术,		卷第六　均输,〔七〕,今有取佣负盐二斛，行一百里，与钱四十。今负盐一斛七斗三升、少半升，行八十里。问︰与钱几何？,现在有一个人跑腿，带着两斛盐，走了一百里，需付四十元钱。现在他带着一斛七斗三又少半升的盐，走了八十里。问该给的钱是多少？,二十七钱、十五分钱之十一。,,,29,置盐二斛升数，以一百里乘之为法。以四十钱乘今负盐升数，又以八十里乘之，为实。实如法得一钱。
九章算术,		卷第六　均输,〔八〕,今有负笼重一石一十七斤，行七十六步，五十返。今负笼重一石，行百步，问︰返几何？,现在背一笼重一石十七斤，需要走七十六步，共能返回五十次。现在把这个笼子装重一石，走一百步，问可返回的次数是多少？,四十三返、六十分返之二十三。,,,29,以今所行步数乘今笼重斤数为法，故笼重斤数乘故步，又以返数乘之，为实。实如法得一返。
九章算术,		卷第六　均输,〔九〕,今有程传委输，空车日行七十里，重车日行五十里。今载太仓粟输上林，五日三返。问︰太仓去上林几何？,现在有一个运输路线，名叫“程传委输”，空车每天可以行驶七十里，重车每天可以行驶五十里。现在他们将太仓的粮食运输到上林，为期五天完成三个来回。那么，太仓到上林的距离是多少？,四十八里、十八分里之十一。,,,29,并空、重里数，以三返乘之，为法。令空、重相乘，又以五日乘之，为实。实如法得一里。
九章算术,		卷第六　均输,〔一〇〕,今有络丝一斤为练丝一十二两，练丝一斤为青丝一斤十二铢。今有青丝一斤，问︰本络丝几何？,现在有一斤络丝，制成练丝十二两，一斤练丝可以制成青丝一斤十二铢，现在有一斤青丝，请问原本的络丝需要多少？,一斤四两一十六铢、三十三分铢之十六。,,,29,以练丝十二两乘青丝一斤一十二铢为法。以青丝一斤铢数乘练丝一斤两数，又以络丝一斤乘之，为实。实如法得一斤。
九章算术,		卷第六　均输,〔一一〕,今有恶粟二十斗，舂之，得粝米九斗。今欲求粺米十斗，问︰恶粟几何？,现在有二十斗不好的粟，经过舂米后，只得到九斗粝米。如果想要得到十斗粺米，那么请问需要不好的粟是多少？,二十四斗六升、八十一分升之七十四。,,,29,置粝米九斗，以九乘之，为法。亦置粺米十斗，以十乘之，又以恶粟二十斗乘之，为实。实如法得一斗。
九章算术,		卷第六　均输,〔一二〕,今有善行者行一百步，不善行者行六十步。今不善行者先行一百步，善行者追之，问︰几何步及之？,现在，一个善于走路的人每走一百步，而一位不善走的人只能走六十步。现在不善走的人先走了一百步，善行的人追上去，问：“走多少步才能追上？”,二百五十步。,,,29,置善行者一百步，减不善行者六十步，馀四十步，以为法。以善行者之一百步，乘不善行者先行一百步，为实。实如法得一步。
九章算术,		卷第六　均输,〔一三〕,今有不善行者先行一十里，善行者追之一百里，先至不善行者二十里。问︰善行者几何里及之？,现在有一个不善行走的人先走了一十里，一个善于行走的人追了一百里，比不善行走的人先到且领先了二十里。问，善于行走者走了多少里追上的不善行走的人？,三十三里、少半里。,,,29,置不善行者先行一十里，以善行者先至二十里增之，以为法。以不善行者先行一十里，乘善行者一百里，为实。实如法得一里。
九章算术,		卷第六　均输,〔一四〕,今有兔先走一百步，犬追之二百五十步，不及三十步而止。问︰犬不止，复行几何步及之？,现在有一只兔子先跑了一百步，一只狗追了二百五步，最后追到还有三十步就停下来了。问：如果狗不停地追，狗还需要多少步才能追得到兔子？,一百七步、七分步之一。,,,29,置兔先走一百步，以犬走不及三十步减之，馀为法。以不及三十步乘犬追步数为实，实如法得一步。
九章算术,		卷第六　均输,〔一五〕,今有人持金十二斤出关。关税之，十分而取一。今关取金二斤，偿钱五千。问︰金一斤值钱几何？,现在有人带着十二斤金子出关，关税是十分之一。现在海关收取了二斤金子，还需要支付五千元的关税。问：金子一斤值多少钱？,六千二百五十。,,,29,以一十乘二斤，以十二斤减之，馀为法。以一十乘五千为实。实如法得一钱。
九章算术,		卷第六　均输,〔一六〕,今有客马日行三百里。客去忘持衣，日已三分之一，主人乃觉。持衣追及与之而还，至家视日四分之三。问︰主人马不休，日行几何？,现在客人的马每天行驶三百里。客人离开了，等太阳处于三分之一，主人才发现客人忘记带衣服。主人立即带上衣服去追赶客人，最终追上了将衣服还给客人，然后启程回家。等到主人回到家中，发现已经太阳已经处于四分之三。问：主人的马一直不休，每天行驶多少距离？,七百八十里。,,,29,置四分日之三，除三分日之一，半其馀以为法。副置法，增三分日之一，以三百里乘之，为实。实如法，得主人马一日行。
九章算术,		卷第六　均输,〔一七〕,今有金棰，长五尺。斩本一尺，重四斤。斩末一尺，重二斤。问︰次一尺各重几何？,现有一根五尺长的金棰，从头部斩断一寸有四斤的重量，从尾部斩断一寸有二斤的重量。问：金棰的每尺各有多少重量？,末一尺，重二斤。次一尺，重二斤八两。次一尺，重三斤。次一尺，重三斤八两。次一尺，重四斤。,,,29,令末重减本重，馀即差率也。又置本重，以四间乘之，为下第一衰。副置，以差率减之，每尺各自为衰。副置下第一衰以为法，以本重四斤遍乘列衰，各自为实。实如法得一斤。
九章算术,		卷第六　均输,〔一八〕,今有五人分五钱，令上二人所得与下三人等。问︰各得几何？,现在有五人分配五钱，让分的多的两人得分与分的少的三人总钱数相同。问每个人得到的钱数是多少？,甲得一钱、六分钱之二，乙得一钱、六分钱之一，丙得一钱，丁得六分钱之五，戊得六分钱之四。,,,29,置钱锥行衰，并上二人为九，并下三人为六。六少于九，三。以三均加焉，副并为法。以所分钱乘未并者各自为实。实如法得一钱。
九章算术,		卷第六　均输,〔一九〕,今有竹九节，下三节容四升，上四节容三升。问︰中间二节欲均容各多少？,现在有一个竹子，它有九节，下三节可以容纳四升，上四节可以容纳三升。问想要中间两节也满足均等地增加，各节容纳多少？,下初，一升、六十六分升之二十九，次一升、六十六分升之二十二，次一升、六十六分升之一十五，次一升、六十六分升之八，次一升、六十六分升之一，次六十六分升之六十，次六十六分升之五十三，次六十六分升之四十六，次六十六分升之三十九。,,,29,以下三节分四升为下率，以上四节分三升为上率。上下率以少减多，馀为实。置四节、三节，各半之，以减九节，馀为法。实如法得一升，即衰相去也。下率，一升、少半升者，下第二节容也。
九章算术,		卷第六　均输,〔二〇〕,今有凫起南海，七日至北海；雁起北海，九日至南海。今凫雁俱起。问︰何日相逢？,现在，凫从南海出发，七天后到达北海，而雁从北海出发，九天后到达南海。现在凫和雁都出发了。问：它们何时能相逢？,三日、十六分日之十五。,,,29,并日数为法，日数相乘为实，实如法得一日。
九章算术,		卷第六　均输,〔二一〕,今有甲发长安，五日至齐；乙发齐，七日至长安。今乙发已先二日，甲乃发长安。问︰几何日相逢？,现在有两个人，甲从长安出发，五天后到达齐国；乙从齐国出发，七天后到达长安。现在乙已经出发两天了，而甲才从长安出发。问：两人何时会师？,二日、十二分日之一。,,,29,并五日、七日以为法。以乙先发二日减七日，馀，以乘甲日数为实。实如法得一日。
九章算术,		卷第六　均输,〔二二〕,今有一人一日为牡瓦三十八枚，一人一日为牝瓦七十六枚。今令一人一日作瓦，牝、牡相半，问︰成瓦几何？,现在有一个人一天能制作三十八片牡瓦和七十六片牝瓦。现在要求一个人一天制作两种瓦，牝瓦和牡瓦的各一半，问能制作出多少片瓦？,二十五枚、少半枚。,,,29,并牝、牡为法，牝牡相乘为实，实如法得一枚。
九章算术,		卷第六　均输,〔二三〕,今有一人一日矫矢五十，一人一日羽矢三十，一人一日筈矢十五。今令一人一日自矫、羽、筈，问︰成矢几何？,现在有一个人一天，能矫正五十支矢，给三十支矢安装羽毛，给十五支矢安装筈。现在让他一个人完成矫、羽、筈三步骤，问最终他制作矢数量是多少？,八矢、少半矢。,,,29,矫矢五十，用徒一人。羽矢五十，用徒一人、太半人。筈矢五十，用徒三人、少半人。并之，得六人，以为法。以五十矢为实。实如法得一矢。
九章算术,		卷第六　均输,〔二四〕,今有假田，初假之岁三亩一钱，明年四亩一钱，后年五亩一钱。凡三岁得一百，问︰田几何？,现在有出租田地，第一年借用3亩土地的价格是一钱，第二年借用4亩土地的价格是一钱，第三年借用五亩土地的价格是一钱。三年共得到一百钱，请问出租的田地是多少？,一顷二十七亩、四十七分亩之三十一。,,,29,置亩数及钱数，令亩数互乘钱数，并以为法。亩数相乘，又以百钱乘之，为实。实如法得一亩。
九章算术,		卷第六　均输,〔二五〕,今有程耕，一人一日发七亩，一人一日耕三亩，一人一日耰种五亩。今令一人一日自发、耕、耰种之，问︰治田几何？,现在按流程耕地，每个人一天能发七亩，耕种三亩，耰种五亩。现在要求一个人一天完成发、耕、耰种，问总共种了多少田？,一亩一百一十四步、七十一分步之六十六。,,,29,置发、耕、耰亩数，令互乘人数，并以为法。亩数相乘为实。实如法得一亩。
九章算术,		卷第六　均输,〔二六〕,今有池，五渠注之。其一渠开之，少半日一满；次，一日一满；次，二日半一满；次，三日一满；次，五日一满。今皆决之，问︰几何日满池？,现在有一个水池，有五条渠道注入其中。第一条渠打开，少半日水池就会填满；第二条打开，水池一日填满；第三条，水池二日半填满；第四条，水池在三天填满；最后一条，水池在五天填满。现在请回答：全部水渠都打开，这个水池要多久才能填满？,七十四分日之十五。,,,29,各置渠一日满池之数，并以为法。以一日为实。实如法得一日。其一术，列置日数及满数，今日互相乘满，并以为法，日数相乘为实，实如法得一日。
九章算术,		卷第六　均输,〔二七〕,今有人持米出三关，外关三而取一，中关五而取一，内关七而取一，馀米五斗。问︰本持米几何？,现在有人带着米走出了三道关，在外关被收取三分之一，在中关收取五分之一，在内关收取了七分之一，最后带着剩下的五斗米回到了家中。问这个人最初带着米的总数是多少？,十斗九升、八分升之三。,,,29,置米五斗。以所税者三之，五之，七之，为实。以馀不税者二、四、六相乘为法。实如法得一斗。
九章算术,		卷第六　均输,〔二八〕,今有人持金出五关，前关二而税一，次关三而税一，次关四而税一，次关五而税一，次关六而税一。并五关所税，适重一斤。问︰本持金几何？,现在有人携带金子经过五道关卡，第一关缴纳二分之一的税，第二关缴纳三分之一的税，第三关缴纳四分之一的税，第四关缴纳五分之一的税，第五关缴纳六分之一的税。总共经过五道关卡，最终缴纳了一斤的税。那么，这个人最初携带金子的数量是多少？,一斤三两四铢、五分铢之四。,,,29,置一斤，通所税者以乘之为实。亦通其不税者以减所通，馀为法。实如法得一斤。
九章算术,卷第七　盈不足,〔一〕,今有共买物，人出八，盈三；人出七，不足四。问︰人数、物价各几何？,现在有一群人在购买商品，每个人出八块钱，多出三块；每个人出七块钱，还差四块。问：这人数和物价各是多少？,七人，物价五十三。,,,30,
九章算术,卷第七　盈不足,〔二〕,今有共买鸡，人出九，盈十一；人出六，不足十六。问︰人数、鸡价各几何？,现在有一群人在买鸡，每个人出九元，多出十一；每个人出六元，还差十六。问：这人数，鸡的价格分别是多少？,九人，鸡价七十。,,,30,
九章算术,卷第七　盈不足,〔三〕,今有共买琎，人出半，盈四；人出少半，不足三。问︰人数、琎价各几何？,现在有一群人一起购买琎，每个人出半块，多出四块；每个人出少半，还差三块。问：这些人一共多少人？以及琎的价格是多少？,四十二人，琎价十七。,,,30,
九章算术,卷第七　盈不足,〔四〕,今有共买牛，七家共出一百九十，不足三百三十；九家共出二百七十，盈三十。问︰家数、牛价各几何？,现在有买家共同购买一头牛，每七家付出一百九十元，还差三百三十元；每九家共同付出二百七十元，超出三十元。问：这些买家共多少家和牛的价格是多少元？,一百二十六家，牛价三千七百五十。,,,30,
九章算术,卷第七　盈不足,〔五〕,今有共买金，人出四百，盈三千四百；人出三百，盈一百。问︰人数、金价各几何？,现在有一些共同购买黄金的人，每个人出四百元，多了三千四百元；每个人出三百元，多了一百元。问：人数和金价各是多少？,三十三人。金价九千八百。,,,31,
九章算术,卷第七　盈不足,〔六〕,今有共买羊，人出五，不足四十五；人出七，不足三。问︰人数、羊价各几何？,现在有人一起购买羊，每人出五元，还差四十五元；每人出七元，还差三元。问：人数和羊价分别是多少？,二十一人，羊价一百五十。,,,31,
九章算术,卷第七　盈不足,〔七〕,今有共买豕，人出一百，盈一百；人出九十，适足。问︰人数、豕价各几何？,现在有人一起购买豕，每人出一百元，购超过一百元；每人出九十元，正好满足需求。问：这些人有多少，豕的价格是多少？,一十人，豕价九百。,,,32,
九章算术,卷第七　盈不足,〔八〕,今有共买犬，人出五，不足九十；人出五十，适足。问︰人数、犬价各几何？,现在有人一起买狗，每个人出五块钱，但是还差九十元；每个人出五十块钱，正好够。问：人数和狗的价格各是多少？,二人，犬价一百。,,,32,
九章算术,卷第七　盈不足,〔九〕,今有米在十斗桶中，不知其数。满中添粟而舂之，得米七斗。问︰故米几何？,现在有一个十斗的桶，里面装着米，但米的总数不知道。将桶里填满粟，舂成米，结果得到七斗多米。问：桶里原来装了多少米？,二斗五升。,,,32,以盈不足术求之，假令故米二斗，不足二升。令之三斗，有馀二升。
九章算术,卷第七　盈不足,〔一〇〕,今有垣高九尺。瓜生其上，蔓日长七寸。瓠生其下，蔓日长一尺。问︰几何日相逢？瓜、瓠各长几何？,现在有一堵墙高达九尺。瓜在上面生长，藤蔓每日长七寸。瓠在下面生长，藤蔓每日长一尺。问：它们何时会相遇？瓜和瓠各长多少？,五日、十七分日之五。瓜长三尺七寸、十七分寸之一，瓠长五尺二寸、十七分寸之十六。,,,32,假令五日，不足五寸。令之六日，有馀一尺二寸。
九章算术,卷第七　盈不足,〔一一〕,今有蒲生一日，长三尺。莞生一日，长一尺。蒲生日自半。莞生日自倍。问︰几何日而长等？,现在有蒲树发芽一天，长度三尺；莞树发芽一天，长度一尺。蒲树的每天增加它一半长度，莞树的长度每天是之前两倍。请问，它们的长度在多少天后相等？,二日、十三分日之六。各长四尺八寸、十三分寸之六。,,,32,假令二日，不足一尺五寸。令之三日，有馀一尺七寸半。
九章算术,卷第七　盈不足,〔一二〕,今有垣厚五尺，两鼠对穿。大鼠日一尺，小鼠亦日一尺。大鼠日自倍，小鼠日自半。问︰几何日相逢？各穿几何？,现在有一个五尺厚的墙，两只老鼠对着挖。大老鼠第一天挖一尺，小老鼠第一天也挖一尺。大老鼠每天挖是前一天的两倍，小老鼠每天挖的是前一天的一半。问：它们相遇需要多少天？各挖了多少？,二日、十七分日之二。大鼠穿三尺四寸、十七分寸之十二，小鼠穿一尺五寸、十七分寸之五。,,,32,假令二日，不足五寸。令之三日，有馀三尺七寸半。
九章算术,卷第七　盈不足,〔一三〕,今有醇酒一斗，直钱五十；行酒一斗，直钱一十。今将钱三十，得酒二斗。问︰醇、行酒各得几何？,现在这里有每斗醇酒价值五十，每斗行酒价值十块。现在花了三十元，获得了两斗酒。问：醇酒和行酒各得到了多少？,醇酒二升半，行酒一斗七升半。,,,32,假令醇酒五升，行酒一斗五升，有馀一十。令之醇酒二升，行酒一斗八升，不足二。
九章算术,卷第七　盈不足,〔一四〕,今有大器五、小器一容三斛；大器一、小器五容二斛。问︰大、小器各容几何？,现在有五件大器物和一件小器物，可以容纳三斛的物品；有一件大器物和五件小器物，可以容纳二斛的物品。问：大器物和小器物分别可以容纳多少的物品？,大器容二十四分斛之十三，小器容二十四分斛之七。,,,32,假令大器五斗，小器亦五斗，盈一十斗。令之大器五斗五升，小器二斗五升，不足二斗。
九章算术,卷第七　盈不足,〔一五〕,今有漆三得油四，油四和漆五。今有漆三斗，欲令分以易油，还自和馀漆。问︰出漆、得油、和漆各几何？,三份漆可以换四份油，四份油可以和五份漆。现在有三斗漆，想要将其分成两份，一份用来换油，剩下的和漆。问：出让的漆、换得的油、和漆各有多少？,出漆一斗一升、四分升之一，得油一斗五升，和漆一斗八升，四分升之三。,,,32,假令出漆九升，不足六升。令之出漆一斗二升，有馀二升。
九章算术,卷第七　盈不足,〔一六〕,今有玉方一寸，重七两；石方一寸，重六两。今有石立方三寸，中有玉，并重十一斤。问︰玉、石重各几何？,现在有一块方玉，边长一寸，重量为七两；现在有一块方石头，边长一寸，重量为六两；现在有一块方石头，边长三寸，其中包含一块玉，重量为十一斤。问：玉和石头的重量各是多少？,玉一十四寸，重六斤二两。石一十三寸，重四斤十四两。,,,32,假令皆玉，多十三两。令之皆石，不足十四两。不足为玉，多为石。各以一寸之重乘之，得玉石之积重。
九章算术,卷第七　盈不足,〔一七〕,今有善田一亩，价三百；恶田七亩，价五百。今并买一顷，价钱一万。问︰善、恶田各几何？,现在有善田一亩，价格三百元；恶田七亩，价格五百元。现在要将这两种田购买一顷，价格一万元，问善田和恶田各是多少？,善田一十二亩半，恶田八十七亩半。,,,32,"假令善田二十亩，恶田八十亩，多一千七百一十四钱、七分钱之二。
令之善田一十亩，恶田九十亩，不足五百七十一钱、七分钱之三。"
九章算术,卷第七　盈不足,〔一八〕,今有黄金九枚，白银一十一枚，称之重适等。交易其一，金轻十三两。问︰金、银一枚各重几何？,现在有九块黄金和十一块白银，它们的质量相同。如果将其中一块黄金和白银进行交换，那么黄金的重量就会轻十三两。问：每块黄金和每块白银的重量各是多少？,金重二斤三两一十八铢，银重一斤十三两六铢。,,,32,"假令黄金三斤，白银二斤、一十一分斤之五，不足四十九，于右行。
令之黄金二斤，白银一斤、一十一分斤之七，多一十五于左行。以分母各乘其行内之数，以盈不足维乘所出率，并以为实。并盈不足为法。实如法，得黄金重。分母乘法以除，得银重。约之得分也。"
九章算术,卷第七　盈不足,〔一九〕,今有良马与驽马发长安至齐。齐去长安三千里。良马初日行一百九十三里，日增十三里。驽马初日行九十七里，日减半里。良马先至齐，复还迎驽马。问︰几何日相逢及各行几何？,translation,一十五日、一百九十一分日之一百三十五而相逢。良马行四千五百三十四里、一百九十一分里之四十六。 驽马行一千四百六十五里、一百九十一分里之一百四十五。,,,32,假令十五日，不足三百三十七里半。令之十六日，多一百四十里。以盈、不足维乘假令之数，并而为实。并盈不足为法。实如法而一，得日数。不尽者，以等数除之而命分。
九章算术,卷第七　盈不足,〔二〇〕,今有人持钱之蜀，贾利十三。初返归一万四千，次返归一万三千，次返归一万二千，次返归一万一千，后返归一万。凡五返归钱，本利俱尽。问︰本持钱及利各几何？,现在有一个人带着钱去蜀地，利息十中取三。最初返回时，还钱一万四千，第二次返回时，还钱一万三千，第三次返回时，还钱一万两千，第四次返回时，还钱一万一千，后一次返回时，还钱一万。经过五次还钱，本利全部还完。问：这个人借的本钱和还的利息各是多少？,本三万四百六十八钱、三十七万一千二百九十三分钱之八万四千八百七十六。利二万九千五百三十一钱、三十七万一千二百九十三分钱之二十八万六千四百一十七。,,,32,假令本钱三万，不足一千七百三十八钱半。令之四万，多三万五千三百九十钱八分。
九章算术,卷第八　方程,〔一〕,今有上禾三秉，中禾二秉，下禾一秉，实三十九斗； 上禾二秉，中禾三秉，下禾一秉，实三十四斗； 上禾一秉，中禾二秉，下禾三秉，实二十六斗。 问︰上、中、下禾实一秉各几何？,现有三秉上禾、二秉中禾和一秉下禾，总共得到三十九斗；二秉上禾、三秉中禾和一秉下禾，总共得到三十四斗；一秉上禾、二秉中禾和三秉下禾，总共得到二十六斗。问上、中、下禾一秉各能得到多少斗？,上禾一秉，九斗、四分斗之一，中禾一秉，四斗、四分斗之一，下禾一秉，二斗、四分斗之三。,,,33,方程术曰，置上禾三秉，中禾二秉，下禾一秉，实三十九斗，于右方。中、左禾列如右方。以右行上禾遍乘中行而以直除。又乘其次，亦以直除。然以中行中禾不尽者遍乘左行而以直除。左方下禾不尽者，上为法，下为实。实即下禾之实。求中禾，以法乘中行下实，而除下禾之实。馀如中禾秉数而一，即中禾之实。求上禾亦以法乘右行下实，而除下禾、中禾之实。馀如上禾秉数而一，即上禾之实。实皆如法，各得一斗。
九章算术,卷第八　方程,〔二〕,今有上禾七秉，损实一斗，益之下禾二秉，而实一十斗。下禾八秉，益实一斗与上禾二秉，而实一十斗。问︰上、下禾实一秉各几何？,现在有七秉上禾，从其所产粮食中减少一斗，增加下禾两秉，所得粮食共十斗。同时，下禾有八秉，在所得粮食中增加一斗，与上禾两秉所得粮食共十斗。问：上禾和下禾一秉各产多少粮食？,上禾一秉实一斗、五十二分斗之一十八，下禾一秉实五十二分斗之四十一。,,,33,如方程。损之曰益，益之曰损。损实一斗者，其实过一十斗也。益实一斗者，其实不满一十斗也。
九章算术,卷第八　方程,〔三〕,今有上禾二秉，中禾三秉，下禾四秉，实皆不满斗。上取中，中取下，下取上各一秉而实满斗。问︰上、中、下禾实一秉各几何？,现有二秉上禾、三秉中禾和四秉下禾，它们的禾籽粒都不能装满一斗。将一秉上禾分给下禾，一秉中禾移给上禾，一秉下禾移给中禾，得到的禾籽粒都填满一斗。问：上、中、下禾一秉能产籽粒各有多少？,上禾一秉实二十五分斗之九，中禾一秉实二十五分斗之七，下禾一秉实二十五分斗之四。,,,33,"如方程，各置所取，以正负术入之。
正负术曰：同名相除，异名相益，正无入负之，负无入正之。其异名相除，同名相益，正无入正之，负无入负之。"
九章算术,卷第八　方程,〔四〕,今有上禾五秉，损实一斗一升，当下禾七秉。上禾七秉，损实二斗五升，当下禾五秉。问︰上、下禾实一秉各几何？,现在有五秉上禾，减去一斗一升的粮食，相当于下禾七秉。七秉上禾，减少二斗五升的粮食，相当于下禾五秉。问：上禾和下禾每秉产粮食各是多少？,上禾一秉五升，下禾一秉二升。,,,33,如方程，置上禾五秉正，下禾七秉负，损实一斗一升正。次置上禾七秉正，下禾五秉负，损实二斗五升正。以正负术入之。
九章算术,卷第八　方程,〔五〕,今有上禾六秉，损实一斗八升，当下禾一十秉。下禾十五秉，损实五升，当上禾五秉。问︰上、下禾实一秉各几何？,现在有上禾六秉，所产粮食减去一斗八升，相当于下禾十秉。下禾十五秉，所产粮食减去五升，相当于上禾五秉。问：上禾、下禾每秉产粮食各是多少？,上禾一秉实八升，下禾一秉实三升。,,,33,如方程，置上禾六秉正，下禾一十秉负，损实一斗八升正。次置上禾五秉负，下禾一十五秉正，损实五升正。以正负术人之。
九章算术,卷第八　方程,〔六〕,今有上禾三秉，益实六斗，当下禾十秉。下禾五秉，益实一斗，当上禾二秉。问︰上、下禾实一秉各几何？,现在有上禾三秉，所产粮食增加六斗，相当于下禾十秉的收成。而下禾五秉，增加了一斗的收成，相当于上禾二秉的收成。问：上禾、下禾一秉收成各是多少？,上禾一秉实八斗，下禾一秉实三斗。,,,33,如方程，置上禾三秉正，下禾一十秉负，益实六斗负。次置上禾二秉负，下禾五秉正，益实一斗负。以正负术入之。
九章算术,卷第八　方程,〔七〕,今有牛五、羊二，直金十两。牛二、羊五直金八两。问︰牛羊各直金几何？,现在有五头牛和二头羊，总共价值十两金。二头牛和五头羊总共价值八两金。问：牛和羊各价值多少金？,牛一，直金一两、二十一分两之一十三，羊一，直金二十一分两之二十。,,,33,如方程。
九章算术,卷第八　方程,〔八〕,今有卖牛二、羊五，以买十三豕，有馀钱一千。卖牛三、豕三，以买九羊，钱适足。卖羊六、豕八，以买五牛，钱不足六百。问︰牛、羊、豕价各几何？,现在有卖二头牛、五头羊，购买十三只豕，还有多余的钱一千元。有卖三头牛、三只豕，买九只羊，钱刚好足够。若卖六只羊、八头豕，买五只牛，钱不够，差六百元。问牛、羊、豕的价各是多少？,牛价一千二百，羊价五百，豕价三百。,,,33,如方程，置牛二、羊五正，豕一十三负，馀钱数正；次牛三正，羊九负，豕三正；次牛五负，羊六正，豕八正，不足钱负。以正负术入之。
九章算术,卷第八　方程,〔九〕,今有五雀、六燕，集称之衡，雀俱重，燕俱轻。一雀一燕交而处，衡适平。并燕、雀重一斤。问︰燕、雀一枚各重几何？,现在有五只雀和六只燕子，它们聚集在一起称量，雀都很重，燕都很轻。如果一只雀和一只燕相互交换，称能平衡。称量所有雀和燕刚好是一斤。问：燕和雀一枚各重多少？,雀重一两、一十九分两之十三，燕重一两、一十九分两之五。,,,33,如方程，交易质之，各重八两。
九章算术,卷第八　方程,〔一〇〕,今有甲乙二人持钱不知其数。甲得乙半而钱五十，乙得甲太半而亦钱五十。问︰甲、乙持钱各几何？,现在有甲乙两人，他们不知道各自持有多少钱。甲得到了乙的一半，就有五十钱；乙得到了甲的太半，也有五十钱。问..甲、乙各自持有多少钱？,甲持三十七钱半，乙持二十五钱。,,,33,如方程，损益之。
九章算术,卷第八　方程,〔一一〕,今有二马、一牛价过一万，如半马之价。一马、二牛价不满一万，如半牛之价。问︰牛、马价各几何？,现在有两匹马，一头牛的价格超过了一万元，超出部分相当于半马的价格。一匹马的价格不满一万元，不足部分相当于半牛的价格。问：牛和马的价格各是多少？,马价五千四百五十四钱、一十一分钱之六，牛价一千八百一十八钱、一十一分钱之二。,,,33,如方程，损益之。
九章算术,卷第八　方程,〔一二〕,今有武马一匹，中马二匹，下马三匹，皆载四十石至阪，皆不能上。武马借中马一匹，中马借下马一匹，下马借武马一匹，乃皆上。问︰武、中、下马一匹各力引几何？,现在有一匹武马、两匹中马和三匹下马，它们一共載了四十石，到达了一个坂坡，但都无法爬上去. 武马借走了一匹中马，中马借走了一匹下马，最后下马借走了一匹武马，它们都能爬上坂坡。问：每匹武马、中马和下马各能够拉动多少石头呢？,武马一匹力引二十二石、七分石之六，中马一匹力引十七石、七分石之一，下马一匹力引五石、七分石之五。,,,33,如方程各置所借，以正负术入之。
九章算术,卷第八　方程,〔一三〕,今有五家共井，甲二绠不足，如乙一绠； 乙三绠不足，如丙一绠； 丙四绠不足，如丁一绠； 丁五绠不足，如戊一绠； 戊六绠不足，如甲一绠。 如各得所不足一绠，皆逮。问︰井深、绠长各几何？,现在有五家共用一口井，甲家有二根相同长的绠，但是够不到水，就向乙家借了一根绠； 乙家有三根相同的绠，但是也够不到水，就向丙家借了一根绠； 丙家有四根相同的绠，但是够不到水，就向丁家借了一根绠；丁家有五条相同的绠，但是够不到水，就向戊家借了一根绠；戊家有六条相同的绠，但是仍然够不到水，就向甲家借了一根绠。 如果各家借到绠，都能够到水。那么井深和各家绠长各是多少？,井深七丈二尺一寸。甲绠长二丈六尺五寸，乙绠长一丈九尺一寸，丙绠长一丈四尺八寸，丁绠长一丈二尺九寸，戊绠长七尺六寸。,,,33,如方程，以正负术入之。
九章算术,卷第八　方程,〔一四〕,今有白禾二步、青禾三步、黄禾四步、黑禾五步，实各不满斗。白取青、黄，青取黄、黑，黄取黑、白，黑取白、青，各一步，而实满斗。问︰白、青、黄、黑禾实一步各几何？,现在有一些白禾有两步，青禾有三步，黄禾有四步，黑禾有五步，但它们的实际都不满一斗。白禾取青禾和黄禾，青禾取黄禾和黑禾，黄禾取黑禾和白禾，黑禾取白禾和青禾，各取一步，然后它们都满了一斗。问：白、青、黄、黑禾每步的果实各是多少？,白禾一步实一百一十一分斗之三十三， 青禾一步实一百一十一分斗之二十八， 黄禾一步实一百一十一分斗之一十七， 黑禾一步实一百一十一分斗之一十。,,,33,如方程，各置所取，以正负术入之。
九章算术,卷第八　方程,〔一五〕,今有甲禾二秉、乙禾三秉、丙禾四秉，重皆过于石。甲二重如乙一，乙三重如丙一，丙四重如甲一。问︰甲、乙、丙禾一秉各重几何？,现在有甲、乙、丙三种禾苗，每个禾苗的重量都超过了一石。甲禾有二秉，乙禾有三秉，丙禾有四秉。甲禾的重量等于一石外加一秉乙禾重量，乙禾的重量等于一石外加一石丙禾的重量，丙禾的重量等于一石外加一秉甲禾的重量。问：甲、乙、丙三种禾苗每秉各重多少？,甲禾一秉重二十三分石之十七，乙禾一秉重二十三分石之十一，丙禾一秉重二十三分石之十。,,,33,如方程，置重过于石之物为负。以正负术入之。
九章算术,卷第八　方程,〔一六〕,今有令一人、吏五人、从者一十人，食鸡一十；令一十人、吏一人、从者五人，食鸡八；令五人、吏一十人、从者一人，食鸡六。问︰令、吏、从者食鸡各几何？,现在有一个令(官职名)，有五个吏(官职名)，有十个从者(士兵)，一共吃了十只鸡。令十人，吏一人，从者五人，总共吃八只鸡。令五人，吏十人，从者一人，总共吃六只鸡。问：令、吏、从者各自分到多少只鸡？,令一人食一百二十二分鸡之四十五，吏一人食一百二十二分鸡之四十一，从者一人食一百二十二分鸡之九十七。,,,33,如方程，以正负术入之。
九章算术,卷第八　方程,〔一七〕,今有五羊、四犬、三鸡、二兔，直钱一千四百九十六；四羊、二犬、六鸡、三兔直钱一千一百七十五；三羊、一犬、七鸡、五兔，直钱九百五十八；二羊、三犬、五鸡、一兔，直钱八百六十一。问︰羊、犬、鸡、兔价各几何？,现在这里有五只羊、四只犬、三只鸡和二只兔子，价值一千四百九十六元。接着，有四只羊、两只犬、六只鸡和三只兔子，价值一千一百七十五元。有三只羊、一只犬、七只鸡和五只兔子，价值九百五十八元。最后，有两只羊、三只犬、五只鸡和一只兔子，价值八百六十一元。那么，羊、犬、鸡、兔的价格也分别是多少？,羊价一百七十七，犬价一百二十一，鸡价二十三，兔价二十九。,,,33,如方程，以正负术入之。
九章算术,卷第八　方程,〔一八〕,今有麻九斗、麦七斗、菽三斗、答二斗、黍五斗，直钱一百四十；麻七斗、麦六斗、菽四斗、答五斗、黍三斗，直钱一百二十八；麻三斗、麦五斗、菽七斗、答六斗、黍四斗，直钱一百一十六；麻二斗、麦五斗、菽三斗、答九斗、黍四斗，直钱一百一十二；麻一斗、麦三斗、菽二斗、答八斗、黍五斗，直钱九十五。问︰一斗直几何？,现在有麻九斗、麦七斗、菽三斗、答二斗、黍五斗，总共价值一百四十；麻七斗、麦六斗、菽四斗、答五斗、黍三斗，总共价值一百二十八；麻三斗、麦五斗、菽七斗、答六斗、黍四斗，总共价值一百一十六；麻二斗、麦五斗、菽三斗、答九斗、黍四斗，总共价值一百一十二块大洋；麻一斗、麦三斗、菽二斗、答八斗、黍五斗，总共价值九十五。那么，每种作物一斗各多少钱呢？,麻一斗七钱，麦一斗四钱，菽一斗三钱，答一斗五钱，黍一斗六钱。,,,33,如方程，以正负术入之。
九章算术,卷第九　句股,〔一〕,今有句三尺，股四尺，问︰为弦几何？,直角三角形，一个直角边长三尺，另一个直角边长四尺，问斜边长多少？,五尺。,,,34,
九章算术,卷第九　句股,〔二〕,今有弦五尺，句三尺，问︰为股几何？,现有直角三角形，有五尺长的斜边，短直角边为三尺，问另一边长是多少？,四尺。,,,34,
九章算术,卷第九　句股,〔三〕,今有股四尺，弦五尺，问︰为句几何？,现在有一个直角三角形，长直角边长四尺、斜边长五尺，请问另一边长多少？,三尺。,,,34,
九章算术,卷第九　句股,〔四〕,今有圆材径二尺五寸，欲为方版，令厚七寸。问︰广几何？,现在有一个直径为二尺五寸的圆材，想把它切成方板，使其厚度为7寸。问方板的宽度是多少？,二尺四寸。,,,34,令径二尺五寸自乘，以七寸自乘减之，其馀开方除之，即广。
九章算术,卷第九　句股,〔五〕,今有木长二丈，围之三尺。葛生其下，缠木七周，上与木齐。问︰葛长几何？,现在有一个长为二丈，周长为三尺的树。葛生长在木条下面的部分，缠绕了木条7遍，上面的部分与木条齐平。问：葛的长度是多少？,二丈九尺。,,,34,以七周乘三尺为股，木长为句，为之求弦。弦者，葛之长。
九章算术,卷第九　句股,〔六〕,今有池方一丈，葭生其中央，出水一尺。引葭赴岸，适与岸齐。问︰水深、葭长各几何？,现在有一个正方形大水池，边长一丈，其正中长有一根葭，露出水面一尺。将葭拉到岸边，刚好与岸边齐平。问：水深是多少，葭长是多少？,水深一丈二尺；葭长一丈三尺。,,,34,半池方自乘，以出水一尺自乘，减之，馀，倍出水除之，即得水深。加出水数，得葭长。
九章算术,卷第九　句股,〔七〕,今有立木，系索其末，委地三尺。引索却行，去本八尺而索尽。问︰索长几何？,现在有一颗直立的大树，把树的末端系上绳子，在地上有三尺。将绳子拖着走动，走的距离离树根部八尺时而绳子绷直。问：绳子长多少？,一丈二尺、六分尺之一。,,,34,以去本自乘，令如委数而一，所得，加委地数而半之，即索长
九章算术,卷第九　句股,〔八〕,今有垣高一丈。倚木于垣，上与垣齐。引木却行一尺，其木至地。问︰木几何？,现在有一个高一丈的墙，将木头靠在墙上，木头顶部与墙齐。将木远离墙移动一尺，木头就平躺在地面了。问：木头长度是多少？,五丈五寸。,,,34,以垣高十尺自乘，如却行尺数而一，所得，以加却行尺数而半之，即木长数。
九章算术,卷第九　句股,〔九〕,今有圆材，埋在壁中，不知大小。以鐻鐻之，深一寸，鐻道长一尺。问︰径几何？,现在有一块圆形的材料，被埋在墙壁里，不知道大小。用鐻子(一种测量工具)测量它，深一寸，鐻子长一尺。问：它的直径是多少？,材径二尺六寸。,,,34,半鐻道自乘，如深寸而一，以深寸增之，即材径。
九章算术,卷第九　句股,〔一〇〕,今有开门去阃一尺，不合二寸。问︰门广几何？,现在有一个门，把门打开离门槛一尺，中间开口长二寸。问门有多宽？,一丈一寸。,,,34,以去阃一尺自乘，所得，以不合二寸半之而一，所得，增不合之半，即得门广。
九章算术,卷第九　句股,〔一一〕,今有户高多于广六尺八寸，两隅相去适一丈。问︰户高、广各几何？,现在有一个房屋，高度超过宽度六尺八寸，两对角距离一丈。问这个房屋的高度和宽度各是多少？,广二尺八寸；高九尺六寸。,,,34,令一丈自乘为实。半相多，令自乘，倍之，减实，半其馀。以开方除之，所得，减相多之半，即户广。加相多之半，即户高。
九章算术,卷第九　句股,〔一二〕,今有户不知高广，竿不知长短。横之不出四尺，从之不出二尺，邪之适出。问︰户高、广、邪各几何？,现在有一个房屋，不知道房屋的高度和宽度，有一根木杆，也不知道长短。横着超过四尺，竖着超过两尺，如果斜着，就刚好。问这个房屋高、宽、对角线各是多少？,广六尺，高八尺，袤一丈。,,,34,从、横不出相乘，倍，而开方除之。所得加从不出即户广，加横不出即户高，两不出加之，得户袤。
九章算术,卷第九　句股,〔一三〕,今有竹高一丈，末折抵地，去本三尺。问︰折者高几何？,现在有一个高为一丈的竹子，它被人折断后末尾抵在地上，距离树根三尺。问：折断竹子的人身高多少？,四尺、二十分尺之十一。,,,34,以去本自乘，令如高而一，所得，以减竹高而半其馀，即折者之高也。
九章算术,卷第九　句股,〔一四〕,今有二人同所立。甲行率七，乙行率三。乙东行。甲南行十步而邪东北与乙会。问︰甲乙行各几何？,现在有两个人在同一个地方站立。同样时间内，甲的步伐是七步，乙的步伐是三步。乙向东走。甲南行十步，然后朝着东北方向和乙相遇。问甲和乙分别走了多少步？,乙东行一十步半；甲邪行一十四步半及之。,,,34,令七自乘，三亦自乘，并而半之，以为甲邪行率。邪行率减于七自乘，馀为南行率。以三乘七为乙东行率。置南行十步，以甲邪行率乘之，副置十步，以乙东行率乘之，各自为实。实如南行率而一，各得行数。
九章算术,卷第九　句股,〔一五〕,今有句五步，股十二步。问︰句中容方几何？,现在有一个直角三角形直角短边是五步，直角长边是十二步。问：三角形的内接正方形的边长是多少？,方三步、十七分步之九。,,,34,并句、股为法，句股相乘为实，实如法而一，得方一步。
九章算术,卷第九　句股,〔一六〕,今有句八步，股十五步。问︰句中容圆，径几何？,现在有一个直角三角形直角短边是八步，直角长边是十五步。问三角形内接圆直径是多少？,六步。,,,34,八步为句，十五步为股，为之求弦。三位并之为法，以句乘股，倍之为实。实如法得径一步。
九章算术,卷第九　句股,〔一七〕,今有邑方二百步，各中开门。出东门十五步有木。问︰出南门几何步而见木？,现在有一个边长二百步的邑，每个边中间都有门。从东门出去十五步的地方有棵树。问从南门出去多少步才能看到这棵树？,六百六十六步、太半步。,,,34,出东门步数为法，半邑方自乘为实，实如法得一步。
九章算术,卷第九　句股,〔一八〕,今有邑，东西七里，南北九里，各中开门。出东门十五里有木。问︰出南门几何步而见木？,现在有一个邑，东西有七里长，南北有九里长，每个方向都有门。从东门出去十五里有树。问：从南门出去多少步才能看到树？,三百一十五步。,,,34,东门南至隅步数，以乘南门东至隅步数为实。以木去门步数为法。实如法而一。
九章算术,卷第九　句股,〔一九〕,今有邑方不知大小，各中开门。出北门三十步有木，出西门七百五十步见木。问︰邑方几何？,现在有一个未知大小的正方形邑，各个方向中间都有门。从北门走三十步有一棵树，从西门走七百五十步看见树。问：这个邑的边长是多少？,一里。,,,34,令两出门步数相乘，因而四之，为实。开方除之，即得邑方。
九章算术,卷第九　句股,〔二〇〕,今有邑方不知大小，各中开门。出北门二十步有木。出南门十四步，折而西行一千七百七十五步见木。问︰邑方几何？,现在有一个不知大小的方邑，每个方向都有一个门。距离北门出来二十步有一棵树，从南门出来十四步，沿着西方向走一千七百五十五步，看见树。问：这个邑的边长是多少？,二百五十步。,,,34,以出北门步数乘西行步数，倍之，为实。并出南门步数为从法，开方除之，即邑方。
九章算术,卷第九　句股,〔二一〕,今有邑方十里，各中开门。甲乙俱从邑中央而出。乙东出；甲南出，出门不知步数，邪向东北磨邑，适与乙会。率甲行五，乙行三。问︰甲、乙行各几何？,现在有一个边长十里的邑，每个方向都有一个门。甲乙两个都从邑的中央出发。乙从东边出去；甲从南边出去，出门不知道走了多少步，然后向东北方向走了，刚好与乙相遇。甲的速度是五，乙的速度是三。问：甲、乙分别走了几步？,甲出南门八百步，邪东北行四千八百八十七步半，及乙。乙东行四千三百一十二步半。,,,34,令五自乘，三亦自乘，并而半之，为邪行率。邪行率减于五自乘者，馀，为南行率。以三乘五，为乙东行率。置邑方半之，以南行率乘之，如东行率而一，即得出南门步数。以增邑方半，即南行。置南行步求弦者，以邪行率乘之，求东者以东行率乘之，各自为实。实如南行率得一步。
九章算术,卷第九　句股,〔二二〕,有木去人不知远近。立四表，相去各一丈，令左两表与所望参相直。从后右表望之，入前右表三寸。问︰木去人几何？,有一棵树不知道距离人多远。立四个表，它们之间的距离各是一丈，让左边两表与所望之处对齐。从后面右表向前面右表看，距离前面右表三寸。问：树距离人有多远？,三十三丈三尺三寸、少半寸。,,,34,令一丈自乘为实，以三寸为法，实如法而一。
九章算术,卷第九　句股,〔二三〕,有山居木西，不知其高。山去木五十三里，木高九丈五尺。人立木东三里，望木末适与山峰斜平。人目高七尺。问︰山高几何？,有一座山位于树的西边，不知道它有多高。山距离树的西边有五十三里，木的高度是九丈五尺。人站在木的东边三里处，看到树的末端恰好与山峰的斜线平行。人的眼睛高七尺。问：山的高度多少？,一百六十四丈九尺六寸、太半寸。,,,34,置木高减人目高七尺，馀，以乘五十三里为实。以人去木三里为法。实如法而一，所得，加木高即山高。
九章算术,卷第九　句股,〔二四〕,今有井径五尺，不知其深。立五尺木于井上，从木末望水岸，入径四寸。问︰井深几何,现有一口井，井口直径为五尺，不知道井的深度。在井上竖立了五尺高的木柱，从木柱的末端看向水岸，投入水面直径为四寸。问：井的深度是多少？,五丈七尺五寸。,,,34,置井径五尺，以入径四寸减之，馀，以乘立木五尺为实。以入径四寸为法。实如法得一寸。
